Time,SpeciesName,NumCohortsPlanting,NumCohortsSerotiny,NumCohortsResprout,NumCohortsSeed,
1, AbieAmab, 0, 0, 0, 0, 
1, AbieGran, 0, 0, 0, 0, 
1, AbieMagn, 0, 0, 0, 0, 
1, AcerMacr, 0, 0, 0, 0, 
1, AlnuRhom, 0, 0, 0, 0, 
1, AlnuRubr, 0, 0, 0, 0, 
1, ArbuMenz, 0, 0, 0, 0, 
1, CaloDecu, 0, 0, 0, 0, 
1, ChamNoot, 0, 0, 0, 0, 
1, ChryChry, 0, 0, 0, 0, 
1, FX_R_SEED, 0, 0, 0, 1, 
1, LithDens, 0, 0, 0, 0, 
1, NOFX_R_SEED, 0, 0, 0, 1, 
1, NOFX_NOR_SEED, 0, 0, 0, 1, 
1, PiceBrew, 0, 0, 0, 0, 
1, PiceSitc, 0, 0, 0, 0, 
1, PinuAlbi, 0, 0, 0, 0, 
1, PinuAtte, 0, 0, 0, 0, 
1, PinuCont, 0, 0, 0, 0, 
1, PinuJeff, 0, 0, 0, 0, 
1, PinuLamb, 0, 0, 0, 0, 
1, PinuMont, 0, 0, 0, 0, 
1, PinuPond, 0, 0, 0, 0, 
1, PseuMenz, 0, 0, 0, 0, 
1, QuerChry, 0, 0, 0, 0, 
1, QuerDoug, 0, 0, 0, 0, 
1, QuerKell, 0, 0, 0, 0, 
1, QuerGarr, 0, 0, 0, 0, 
1, SequSemp, 0, 0, 0, 0, 
1, TaxuBrev, 0, 0, 0, 0, 
1, TsugMert, 0, 0, 0, 0, 
2, AbieAmab, 0, 0, 0, 0, 
2, AbieGran, 0, 0, 0, 0, 
2, AbieMagn, 0, 0, 0, 0, 
2, AcerMacr, 0, 0, 0, 0, 
2, AlnuRhom, 0, 0, 0, 0, 
2, AlnuRubr, 0, 0, 0, 0, 
2, ArbuMenz, 0, 0, 0, 0, 
2, CaloDecu, 0, 0, 0, 0, 
2, ChamNoot, 0, 0, 0, 0, 
2, ChryChry, 0, 0, 0, 0, 
2, FX_R_SEED, 0, 0, 0, 0, 
2, LithDens, 0, 0, 0, 0, 
2, NOFX_R_SEED, 0, 0, 0, 0, 
2, NOFX_NOR_SEED, 0, 0, 0, 0, 
2, PiceBrew, 0, 0, 0, 0, 
2, PiceSitc, 0, 0, 0, 0, 
2, PinuAlbi, 0, 0, 0, 0, 
2, PinuAtte, 0, 0, 0, 0, 
2, PinuCont, 0, 0, 0, 0, 
2, PinuJeff, 0, 0, 0, 0, 
2, PinuLamb, 0, 0, 0, 0, 
2, PinuMont, 0, 0, 0, 0, 
2, PinuPond, 0, 0, 0, 0, 
2, PseuMenz, 0, 0, 0, 0, 
2, QuerChry, 0, 0, 0, 0, 
2, QuerDoug, 0, 0, 0, 0, 
2, QuerKell, 0, 0, 0, 0, 
2, QuerGarr, 0, 0, 0, 0, 
2, SequSemp, 0, 0, 0, 0, 
2, TaxuBrev, 0, 0, 0, 0, 
2, TsugMert, 0, 0, 0, 0, 
3, AbieAmab, 0, 0, 0, 0, 
3, AbieGran, 0, 0, 0, 0, 
3, AbieMagn, 0, 0, 0, 0, 
3, AcerMacr, 0, 0, 0, 0, 
3, AlnuRhom, 0, 0, 0, 0, 
3, AlnuRubr, 0, 0, 0, 0, 
3, ArbuMenz, 0, 0, 0, 0, 
3, CaloDecu, 0, 0, 0, 0, 
3, ChamNoot, 0, 0, 0, 0, 
3, ChryChry, 0, 0, 0, 0, 
3, FX_R_SEED, 0, 0, 0, 0, 
3, LithDens, 0, 0, 0, 0, 
3, NOFX_R_SEED, 0, 0, 0, 0, 
3, NOFX_NOR_SEED, 0, 0, 0, 0, 
3, PiceBrew, 0, 0, 0, 0, 
3, PiceSitc, 0, 0, 0, 0, 
3, PinuAlbi, 0, 0, 0, 0, 
3, PinuAtte, 0, 0, 0, 0, 
3, PinuCont, 0, 0, 0, 0, 
3, PinuJeff, 0, 0, 0, 0, 
3, PinuLamb, 0, 0, 0, 0, 
3, PinuMont, 0, 0, 0, 0, 
3, PinuPond, 0, 0, 0, 0, 
3, PseuMenz, 0, 0, 0, 0, 
3, QuerChry, 0, 0, 0, 0, 
3, QuerDoug, 0, 0, 0, 0, 
3, QuerKell, 0, 0, 0, 0, 
3, QuerGarr, 0, 0, 0, 0, 
3, SequSemp, 0, 0, 0, 0, 
3, TaxuBrev, 0, 0, 0, 0, 
3, TsugMert, 0, 0, 0, 0, 
4, AbieAmab, 0, 0, 0, 0, 
4, AbieGran, 0, 0, 0, 0, 
4, AbieMagn, 0, 0, 0, 0, 
4, AcerMacr, 0, 0, 0, 0, 
4, AlnuRhom, 0, 0, 0, 0, 
4, AlnuRubr, 0, 0, 0, 0, 
4, ArbuMenz, 0, 0, 0, 0, 
4, CaloDecu, 0, 0, 0, 0, 
4, ChamNoot, 0, 0, 0, 0, 
4, ChryChry, 0, 0, 0, 0, 
4, FX_R_SEED, 0, 0, 0, 0, 
4, LithDens, 0, 0, 0, 0, 
4, NOFX_R_SEED, 0, 0, 0, 0, 
4, NOFX_NOR_SEED, 0, 0, 0, 0, 
4, PiceBrew, 0, 0, 0, 0, 
4, PiceSitc, 0, 0, 0, 0, 
4, PinuAlbi, 0, 0, 0, 0, 
4, PinuAtte, 0, 0, 0, 0, 
4, PinuCont, 0, 0, 0, 0, 
4, PinuJeff, 0, 0, 0, 0, 
4, PinuLamb, 0, 0, 0, 0, 
4, PinuMont, 0, 0, 0, 0, 
4, PinuPond, 0, 0, 0, 0, 
4, PseuMenz, 0, 0, 0, 0, 
4, QuerChry, 0, 0, 0, 0, 
4, QuerDoug, 0, 0, 0, 0, 
4, QuerKell, 0, 0, 0, 0, 
4, QuerGarr, 0, 0, 0, 0, 
4, SequSemp, 0, 0, 0, 0, 
4, TaxuBrev, 0, 0, 0, 0, 
4, TsugMert, 0, 0, 0, 0, 
5, AbieAmab, 0, 0, 0, 0, 
5, AbieGran, 0, 0, 0, 0, 
5, AbieMagn, 0, 0, 0, 0, 
5, AcerMacr, 0, 0, 0, 0, 
5, AlnuRhom, 0, 0, 0, 0, 
5, AlnuRubr, 0, 0, 0, 0, 
5, ArbuMenz, 0, 0, 0, 0, 
5, CaloDecu, 0, 0, 0, 0, 
5, ChamNoot, 0, 0, 0, 0, 
5, ChryChry, 0, 0, 0, 0, 
5, FX_R_SEED, 0, 0, 0, 0, 
5, LithDens, 0, 0, 0, 0, 
5, NOFX_R_SEED, 0, 0, 0, 0, 
5, NOFX_NOR_SEED, 0, 0, 0, 1, 
5, PiceBrew, 0, 0, 0, 0, 
5, PiceSitc, 0, 0, 0, 0, 
5, PinuAlbi, 0, 0, 0, 0, 
5, PinuAtte, 0, 0, 0, 0, 
5, PinuCont, 0, 0, 0, 0, 
5, PinuJeff, 0, 0, 0, 0, 
5, PinuLamb, 0, 0, 0, 0, 
5, PinuMont, 0, 0, 0, 0, 
5, PinuPond, 0, 0, 0, 0, 
5, PseuMenz, 0, 0, 0, 0, 
5, QuerChry, 0, 0, 0, 0, 
5, QuerDoug, 0, 0, 0, 0, 
5, QuerKell, 0, 0, 0, 0, 
5, QuerGarr, 0, 0, 0, 0, 
5, SequSemp, 0, 0, 0, 0, 
5, TaxuBrev, 0, 0, 0, 0, 
5, TsugMert, 0, 0, 0, 0, 
6, AbieAmab, 0, 0, 0, 0, 
6, AbieGran, 0, 0, 0, 0, 
6, AbieMagn, 0, 0, 0, 0, 
6, AcerMacr, 0, 0, 0, 0, 
6, AlnuRhom, 0, 0, 0, 0, 
6, AlnuRubr, 0, 0, 0, 0, 
6, ArbuMenz, 0, 0, 0, 0, 
6, CaloDecu, 0, 0, 0, 0, 
6, ChamNoot, 0, 0, 0, 0, 
6, ChryChry, 0, 0, 0, 0, 
6, FX_R_SEED, 0, 0, 0, 1, 
6, LithDens, 0, 0, 0, 0, 
6, NOFX_R_SEED, 0, 0, 0, 0, 
6, NOFX_NOR_SEED, 0, 0, 0, 0, 
6, PiceBrew, 0, 0, 0, 0, 
6, PiceSitc, 0, 0, 0, 0, 
6, PinuAlbi, 0, 0, 0, 0, 
6, PinuAtte, 0, 0, 0, 0, 
6, PinuCont, 0, 0, 0, 0, 
6, PinuJeff, 0, 0, 0, 0, 
6, PinuLamb, 0, 0, 0, 0, 
6, PinuMont, 0, 0, 0, 0, 
6, PinuPond, 0, 0, 0, 0, 
6, PseuMenz, 0, 0, 0, 0, 
6, QuerChry, 0, 0, 0, 0, 
6, QuerDoug, 0, 0, 0, 0, 
6, QuerKell, 0, 0, 0, 0, 
6, QuerGarr, 0, 0, 0, 0, 
6, SequSemp, 0, 0, 0, 0, 
6, TaxuBrev, 0, 0, 0, 0, 
6, TsugMert, 0, 0, 0, 0, 
7, AbieAmab, 0, 0, 0, 0, 
7, AbieGran, 0, 0, 0, 0, 
7, AbieMagn, 0, 0, 0, 0, 
7, AcerMacr, 0, 0, 0, 0, 
7, AlnuRhom, 0, 0, 0, 0, 
7, AlnuRubr, 0, 0, 0, 0, 
7, ArbuMenz, 0, 0, 0, 0, 
7, CaloDecu, 0, 0, 0, 0, 
7, ChamNoot, 0, 0, 0, 0, 
7, ChryChry, 0, 0, 0, 0, 
7, FX_R_SEED, 0, 0, 0, 0, 
7, LithDens, 0, 0, 0, 0, 
7, NOFX_R_SEED, 0, 0, 0, 0, 
7, NOFX_NOR_SEED, 0, 0, 0, 0, 
7, PiceBrew, 0, 0, 0, 0, 
7, PiceSitc, 0, 0, 0, 0, 
7, PinuAlbi, 0, 0, 0, 0, 
7, PinuAtte, 0, 0, 0, 0, 
7, PinuCont, 0, 0, 0, 0, 
7, PinuJeff, 0, 0, 0, 0, 
7, PinuLamb, 0, 0, 0, 0, 
7, PinuMont, 0, 0, 0, 0, 
7, PinuPond, 0, 0, 0, 0, 
7, PseuMenz, 0, 0, 0, 0, 
7, QuerChry, 0, 0, 0, 0, 
7, QuerDoug, 0, 0, 0, 0, 
7, QuerKell, 0, 0, 0, 0, 
7, QuerGarr, 0, 0, 0, 0, 
7, SequSemp, 0, 0, 0, 0, 
7, TaxuBrev, 0, 0, 0, 0, 
7, TsugMert, 0, 0, 0, 0, 
8, AbieAmab, 0, 0, 0, 0, 
8, AbieGran, 0, 0, 0, 0, 
8, AbieMagn, 0, 0, 0, 0, 
8, AcerMacr, 0, 0, 0, 0, 
8, AlnuRhom, 0, 0, 0, 0, 
8, AlnuRubr, 0, 0, 0, 0, 
8, ArbuMenz, 0, 0, 0, 0, 
8, CaloDecu, 0, 0, 0, 0, 
8, ChamNoot, 0, 0, 0, 0, 
8, ChryChry, 0, 0, 0, 0, 
8, FX_R_SEED, 0, 0, 0, 0, 
8, LithDens, 0, 0, 0, 0, 
8, NOFX_R_SEED, 0, 0, 0, 0, 
8, NOFX_NOR_SEED, 0, 0, 0, 0, 
8, PiceBrew, 0, 0, 0, 0, 
8, PiceSitc, 0, 0, 0, 0, 
8, PinuAlbi, 0, 0, 0, 0, 
8, PinuAtte, 0, 0, 0, 0, 
8, PinuCont, 0, 0, 0, 0, 
8, PinuJeff, 0, 0, 0, 0, 
8, PinuLamb, 0, 0, 0, 0, 
8, PinuMont, 0, 0, 0, 0, 
8, PinuPond, 0, 0, 0, 0, 
8, PseuMenz, 0, 0, 0, 0, 
8, QuerChry, 0, 0, 0, 0, 
8, QuerDoug, 0, 0, 0, 0, 
8, QuerKell, 0, 0, 0, 0, 
8, QuerGarr, 0, 0, 0, 0, 
8, SequSemp, 0, 0, 0, 0, 
8, TaxuBrev, 0, 0, 0, 0, 
8, TsugMert, 0, 0, 0, 0, 
9, AbieAmab, 0, 0, 0, 0, 
9, AbieGran, 0, 0, 0, 0, 
9, AbieMagn, 0, 0, 0, 0, 
9, AcerMacr, 0, 0, 0, 0, 
9, AlnuRhom, 0, 0, 0, 0, 
9, AlnuRubr, 0, 0, 0, 0, 
9, ArbuMenz, 0, 0, 0, 0, 
9, CaloDecu, 0, 0, 0, 0, 
9, ChamNoot, 0, 0, 0, 0, 
9, ChryChry, 0, 0, 0, 0, 
9, FX_R_SEED, 0, 0, 0, 0, 
9, LithDens, 0, 0, 0, 0, 
9, NOFX_R_SEED, 0, 0, 0, 1, 
9, NOFX_NOR_SEED, 0, 0, 0, 0, 
9, PiceBrew, 0, 0, 0, 0, 
9, PiceSitc, 0, 0, 0, 0, 
9, PinuAlbi, 0, 0, 0, 0, 
9, PinuAtte, 0, 0, 0, 0, 
9, PinuCont, 0, 0, 0, 0, 
9, PinuJeff, 0, 0, 0, 0, 
9, PinuLamb, 0, 0, 0, 0, 
9, PinuMont, 0, 0, 0, 0, 
9, PinuPond, 0, 0, 0, 0, 
9, PseuMenz, 0, 0, 0, 0, 
9, QuerChry, 0, 0, 0, 0, 
9, QuerDoug, 0, 0, 0, 0, 
9, QuerKell, 0, 0, 0, 0, 
9, QuerGarr, 0, 0, 0, 0, 
9, SequSemp, 0, 0, 0, 0, 
9, TaxuBrev, 0, 0, 0, 0, 
9, TsugMert, 0, 0, 0, 0, 
10, AbieAmab, 0, 0, 0, 0, 
10, AbieGran, 0, 0, 0, 0, 
10, AbieMagn, 0, 0, 0, 0, 
10, AcerMacr, 0, 0, 0, 0, 
10, AlnuRhom, 0, 0, 0, 0, 
10, AlnuRubr, 0, 0, 0, 0, 
10, ArbuMenz, 0, 0, 0, 0, 
10, CaloDecu, 0, 0, 0, 0, 
10, ChamNoot, 0, 0, 0, 0, 
10, ChryChry, 0, 0, 0, 0, 
10, FX_R_SEED, 0, 0, 0, 0, 
10, LithDens, 0, 0, 0, 0, 
10, NOFX_R_SEED, 0, 0, 0, 0, 
10, NOFX_NOR_SEED, 0, 0, 0, 1, 
10, PiceBrew, 0, 0, 0, 0, 
10, PiceSitc, 0, 0, 0, 0, 
10, PinuAlbi, 0, 0, 0, 0, 
10, PinuAtte, 0, 0, 0, 0, 
10, PinuCont, 0, 0, 0, 0, 
10, PinuJeff, 0, 0, 0, 0, 
10, PinuLamb, 0, 0, 0, 0, 
10, PinuMont, 0, 0, 0, 0, 
10, PinuPond, 0, 0, 0, 0, 
10, PseuMenz, 0, 0, 0, 0, 
10, QuerChry, 0, 0, 0, 0, 
10, QuerDoug, 0, 0, 0, 0, 
10, QuerKell, 0, 0, 0, 0, 
10, QuerGarr, 0, 0, 0, 0, 
10, SequSemp, 0, 0, 0, 0, 
10, TaxuBrev, 0, 0, 0, 0, 
10, TsugMert, 0, 0, 0, 0, 
11, AbieAmab, 0, 0, 0, 0, 
11, AbieGran, 0, 0, 0, 0, 
11, AbieMagn, 0, 0, 0, 0, 
11, AcerMacr, 0, 0, 0, 0, 
11, AlnuRhom, 0, 0, 0, 0, 
11, AlnuRubr, 0, 0, 0, 0, 
11, ArbuMenz, 0, 0, 0, 0, 
11, CaloDecu, 0, 0, 0, 0, 
11, ChamNoot, 0, 0, 0, 0, 
11, ChryChry, 0, 0, 0, 0, 
11, FX_R_SEED, 0, 0, 0, 0, 
11, LithDens, 0, 0, 0, 0, 
11, NOFX_R_SEED, 0, 0, 0, 0, 
11, NOFX_NOR_SEED, 0, 0, 0, 0, 
11, PiceBrew, 0, 0, 0, 0, 
11, PiceSitc, 0, 0, 0, 0, 
11, PinuAlbi, 0, 0, 0, 0, 
11, PinuAtte, 0, 0, 0, 0, 
11, PinuCont, 0, 0, 0, 0, 
11, PinuJeff, 0, 0, 0, 0, 
11, PinuLamb, 0, 0, 0, 0, 
11, PinuMont, 0, 0, 0, 0, 
11, PinuPond, 0, 0, 0, 0, 
11, PseuMenz, 0, 0, 0, 0, 
11, QuerChry, 0, 0, 0, 0, 
11, QuerDoug, 0, 0, 0, 0, 
11, QuerKell, 0, 0, 0, 0, 
11, QuerGarr, 0, 0, 0, 0, 
11, SequSemp, 0, 0, 0, 0, 
11, TaxuBrev, 0, 0, 0, 0, 
11, TsugMert, 0, 0, 0, 0, 
12, AbieAmab, 0, 0, 0, 0, 
12, AbieGran, 0, 0, 0, 0, 
12, AbieMagn, 0, 0, 0, 0, 
12, AcerMacr, 0, 0, 0, 0, 
12, AlnuRhom, 0, 0, 0, 0, 
12, AlnuRubr, 0, 0, 0, 0, 
12, ArbuMenz, 0, 0, 0, 0, 
12, CaloDecu, 0, 0, 0, 0, 
12, ChamNoot, 0, 0, 0, 0, 
12, ChryChry, 0, 0, 0, 0, 
12, FX_R_SEED, 0, 0, 0, 1, 
12, LithDens, 0, 0, 0, 0, 
12, NOFX_R_SEED, 0, 0, 0, 0, 
12, NOFX_NOR_SEED, 0, 0, 0, 0, 
12, PiceBrew, 0, 0, 0, 0, 
12, PiceSitc, 0, 0, 0, 0, 
12, PinuAlbi, 0, 0, 0, 0, 
12, PinuAtte, 0, 0, 0, 0, 
12, PinuCont, 0, 0, 0, 0, 
12, PinuJeff, 0, 0, 0, 0, 
12, PinuLamb, 0, 0, 0, 0, 
12, PinuMont, 0, 0, 0, 0, 
12, PinuPond, 0, 0, 0, 0, 
12, PseuMenz, 0, 0, 0, 0, 
12, QuerChry, 0, 0, 0, 0, 
12, QuerDoug, 0, 0, 0, 0, 
12, QuerKell, 0, 0, 0, 0, 
12, QuerGarr, 0, 0, 0, 0, 
12, SequSemp, 0, 0, 0, 0, 
12, TaxuBrev, 0, 0, 0, 0, 
12, TsugMert, 0, 0, 0, 0, 
13, AbieAmab, 0, 0, 0, 0, 
13, AbieGran, 0, 0, 0, 0, 
13, AbieMagn, 0, 0, 0, 0, 
13, AcerMacr, 0, 0, 0, 0, 
13, AlnuRhom, 0, 0, 0, 0, 
13, AlnuRubr, 0, 0, 0, 0, 
13, ArbuMenz, 0, 0, 0, 0, 
13, CaloDecu, 0, 0, 0, 0, 
13, ChamNoot, 0, 0, 0, 0, 
13, ChryChry, 0, 0, 0, 0, 
13, FX_R_SEED, 0, 0, 0, 1, 
13, LithDens, 0, 0, 0, 0, 
13, NOFX_R_SEED, 0, 0, 0, 1, 
13, NOFX_NOR_SEED, 0, 0, 0, 0, 
13, PiceBrew, 0, 0, 0, 0, 
13, PiceSitc, 0, 0, 0, 0, 
13, PinuAlbi, 0, 0, 0, 0, 
13, PinuAtte, 0, 0, 0, 0, 
13, PinuCont, 0, 0, 0, 0, 
13, PinuJeff, 0, 0, 0, 0, 
13, PinuLamb, 0, 0, 0, 0, 
13, PinuMont, 0, 0, 0, 0, 
13, PinuPond, 0, 0, 0, 0, 
13, PseuMenz, 0, 0, 0, 0, 
13, QuerChry, 0, 0, 0, 0, 
13, QuerDoug, 0, 0, 0, 0, 
13, QuerKell, 0, 0, 0, 0, 
13, QuerGarr, 0, 0, 0, 0, 
13, SequSemp, 0, 0, 0, 0, 
13, TaxuBrev, 0, 0, 0, 0, 
13, TsugMert, 0, 0, 0, 0, 
14, AbieAmab, 0, 0, 0, 0, 
14, AbieGran, 0, 0, 0, 0, 
14, AbieMagn, 0, 0, 0, 0, 
14, AcerMacr, 0, 0, 0, 0, 
14, AlnuRhom, 0, 0, 0, 0, 
14, AlnuRubr, 0, 0, 0, 0, 
14, ArbuMenz, 0, 0, 0, 0, 
14, CaloDecu, 0, 0, 0, 0, 
14, ChamNoot, 0, 0, 0, 0, 
14, ChryChry, 0, 0, 0, 0, 
14, FX_R_SEED, 0, 0, 0, 0, 
14, LithDens, 0, 0, 0, 0, 
14, NOFX_R_SEED, 0, 0, 0, 0, 
14, NOFX_NOR_SEED, 0, 0, 0, 0, 
14, PiceBrew, 0, 0, 0, 0, 
14, PiceSitc, 0, 0, 0, 0, 
14, PinuAlbi, 0, 0, 0, 0, 
14, PinuAtte, 0, 0, 0, 0, 
14, PinuCont, 0, 0, 0, 0, 
14, PinuJeff, 0, 0, 0, 0, 
14, PinuLamb, 0, 0, 0, 0, 
14, PinuMont, 0, 0, 0, 0, 
14, PinuPond, 0, 0, 0, 0, 
14, PseuMenz, 0, 0, 0, 0, 
14, QuerChry, 0, 0, 0, 0, 
14, QuerDoug, 0, 0, 0, 0, 
14, QuerKell, 0, 0, 0, 0, 
14, QuerGarr, 0, 0, 0, 0, 
14, SequSemp, 0, 0, 0, 0, 
14, TaxuBrev, 0, 0, 0, 0, 
14, TsugMert, 0, 0, 0, 0, 
15, AbieAmab, 0, 0, 0, 0, 
15, AbieGran, 0, 0, 0, 0, 
15, AbieMagn, 0, 0, 0, 0, 
15, AcerMacr, 0, 0, 0, 0, 
15, AlnuRhom, 0, 0, 0, 0, 
15, AlnuRubr, 0, 0, 0, 0, 
15, ArbuMenz, 0, 0, 0, 0, 
15, CaloDecu, 0, 0, 0, 0, 
15, ChamNoot, 0, 0, 0, 0, 
15, ChryChry, 0, 0, 0, 0, 
15, FX_R_SEED, 0, 0, 0, 0, 
15, LithDens, 0, 0, 0, 0, 
15, NOFX_R_SEED, 0, 0, 0, 0, 
15, NOFX_NOR_SEED, 0, 0, 0, 0, 
15, PiceBrew, 0, 0, 0, 0, 
15, PiceSitc, 0, 0, 0, 0, 
15, PinuAlbi, 0, 0, 0, 0, 
15, PinuAtte, 0, 0, 0, 0, 
15, PinuCont, 0, 0, 0, 0, 
15, PinuJeff, 0, 0, 0, 0, 
15, PinuLamb, 0, 0, 0, 0, 
15, PinuMont, 0, 0, 0, 0, 
15, PinuPond, 0, 0, 0, 0, 
15, PseuMenz, 0, 0, 0, 0, 
15, QuerChry, 0, 0, 0, 0, 
15, QuerDoug, 0, 0, 0, 0, 
15, QuerKell, 0, 0, 0, 0, 
15, QuerGarr, 0, 0, 0, 0, 
15, SequSemp, 0, 0, 0, 0, 
15, TaxuBrev, 0, 0, 0, 0, 
15, TsugMert, 0, 0, 0, 0, 
16, AbieAmab, 0, 0, 0, 0, 
16, AbieGran, 0, 0, 0, 0, 
16, AbieMagn, 0, 0, 0, 0, 
16, AcerMacr, 0, 0, 0, 0, 
16, AlnuRhom, 0, 0, 0, 0, 
16, AlnuRubr, 0, 0, 0, 0, 
16, ArbuMenz, 0, 0, 0, 0, 
16, CaloDecu, 0, 0, 0, 0, 
16, ChamNoot, 0, 0, 0, 0, 
16, ChryChry, 0, 0, 0, 0, 
16, FX_R_SEED, 0, 0, 0, 0, 
16, LithDens, 0, 0, 0, 0, 
16, NOFX_R_SEED, 0, 0, 0, 0, 
16, NOFX_NOR_SEED, 0, 0, 0, 0, 
16, PiceBrew, 0, 0, 0, 0, 
16, PiceSitc, 0, 0, 0, 0, 
16, PinuAlbi, 0, 0, 0, 0, 
16, PinuAtte, 0, 0, 0, 0, 
16, PinuCont, 0, 0, 0, 0, 
16, PinuJeff, 0, 0, 0, 0, 
16, PinuLamb, 0, 0, 0, 0, 
16, PinuMont, 0, 0, 0, 0, 
16, PinuPond, 0, 0, 0, 0, 
16, PseuMenz, 0, 0, 0, 0, 
16, QuerChry, 0, 0, 0, 0, 
16, QuerDoug, 0, 0, 0, 0, 
16, QuerKell, 0, 0, 0, 0, 
16, QuerGarr, 0, 0, 0, 0, 
16, SequSemp, 0, 0, 0, 0, 
16, TaxuBrev, 0, 0, 0, 0, 
16, TsugMert, 0, 0, 0, 0, 
17, AbieAmab, 0, 0, 0, 0, 
17, AbieGran, 0, 0, 0, 0, 
17, AbieMagn, 0, 0, 0, 0, 
17, AcerMacr, 0, 0, 0, 0, 
17, AlnuRhom, 0, 0, 0, 0, 
17, AlnuRubr, 0, 0, 0, 0, 
17, ArbuMenz, 0, 0, 0, 0, 
17, CaloDecu, 0, 0, 0, 0, 
17, ChamNoot, 0, 0, 0, 0, 
17, ChryChry, 0, 0, 0, 0, 
17, FX_R_SEED, 0, 0, 0, 0, 
17, LithDens, 0, 0, 0, 0, 
17, NOFX_R_SEED, 0, 0, 0, 0, 
17, NOFX_NOR_SEED, 0, 0, 0, 0, 
17, PiceBrew, 0, 0, 0, 0, 
17, PiceSitc, 0, 0, 0, 0, 
17, PinuAlbi, 0, 0, 0, 0, 
17, PinuAtte, 0, 0, 0, 0, 
17, PinuCont, 0, 0, 0, 0, 
17, PinuJeff, 0, 0, 0, 0, 
17, PinuLamb, 0, 0, 0, 0, 
17, PinuMont, 0, 0, 0, 0, 
17, PinuPond, 0, 0, 0, 0, 
17, PseuMenz, 0, 0, 0, 0, 
17, QuerChry, 0, 0, 0, 0, 
17, QuerDoug, 0, 0, 0, 0, 
17, QuerKell, 0, 0, 0, 0, 
17, QuerGarr, 0, 0, 0, 0, 
17, SequSemp, 0, 0, 0, 0, 
17, TaxuBrev, 0, 0, 0, 0, 
17, TsugMert, 0, 0, 0, 0, 
18, AbieAmab, 0, 0, 0, 0, 
18, AbieGran, 0, 0, 0, 0, 
18, AbieMagn, 0, 0, 0, 0, 
18, AcerMacr, 0, 0, 0, 0, 
18, AlnuRhom, 0, 0, 0, 0, 
18, AlnuRubr, 0, 0, 0, 0, 
18, ArbuMenz, 0, 0, 0, 0, 
18, CaloDecu, 0, 0, 0, 0, 
18, ChamNoot, 0, 0, 0, 0, 
18, ChryChry, 0, 0, 0, 0, 
18, FX_R_SEED, 0, 0, 0, 0, 
18, LithDens, 0, 0, 0, 0, 
18, NOFX_R_SEED, 0, 0, 0, 0, 
18, NOFX_NOR_SEED, 0, 0, 0, 0, 
18, PiceBrew, 0, 0, 0, 0, 
18, PiceSitc, 0, 0, 0, 0, 
18, PinuAlbi, 0, 0, 0, 0, 
18, PinuAtte, 0, 0, 0, 0, 
18, PinuCont, 0, 0, 0, 0, 
18, PinuJeff, 0, 0, 0, 0, 
18, PinuLamb, 0, 0, 0, 0, 
18, PinuMont, 0, 0, 0, 0, 
18, PinuPond, 0, 0, 0, 0, 
18, PseuMenz, 0, 0, 0, 0, 
18, QuerChry, 0, 0, 0, 0, 
18, QuerDoug, 0, 0, 0, 0, 
18, QuerKell, 0, 0, 0, 0, 
18, QuerGarr, 0, 0, 0, 0, 
18, SequSemp, 0, 0, 0, 0, 
18, TaxuBrev, 0, 0, 0, 0, 
18, TsugMert, 0, 0, 0, 0, 
19, AbieAmab, 0, 0, 0, 0, 
19, AbieGran, 0, 0, 0, 0, 
19, AbieMagn, 0, 0, 0, 0, 
19, AcerMacr, 0, 0, 0, 0, 
19, AlnuRhom, 0, 0, 0, 0, 
19, AlnuRubr, 0, 0, 0, 0, 
19, ArbuMenz, 0, 0, 0, 0, 
19, CaloDecu, 0, 0, 0, 0, 
19, ChamNoot, 0, 0, 0, 0, 
19, ChryChry, 0, 0, 0, 0, 
19, FX_R_SEED, 0, 0, 0, 0, 
19, LithDens, 0, 0, 0, 0, 
19, NOFX_R_SEED, 0, 0, 0, 0, 
19, NOFX_NOR_SEED, 0, 0, 0, 0, 
19, PiceBrew, 0, 0, 0, 0, 
19, PiceSitc, 0, 0, 0, 0, 
19, PinuAlbi, 0, 0, 0, 0, 
19, PinuAtte, 0, 0, 0, 0, 
19, PinuCont, 0, 0, 0, 0, 
19, PinuJeff, 0, 0, 0, 0, 
19, PinuLamb, 0, 0, 0, 0, 
19, PinuMont, 0, 0, 0, 0, 
19, PinuPond, 0, 0, 0, 0, 
19, PseuMenz, 0, 0, 0, 0, 
19, QuerChry, 0, 0, 0, 0, 
19, QuerDoug, 0, 0, 0, 0, 
19, QuerKell, 0, 0, 0, 0, 
19, QuerGarr, 0, 0, 0, 0, 
19, SequSemp, 0, 0, 0, 0, 
19, TaxuBrev, 0, 0, 0, 0, 
19, TsugMert, 0, 0, 0, 0, 
20, AbieAmab, 0, 0, 0, 0, 
20, AbieGran, 0, 0, 0, 0, 
20, AbieMagn, 0, 0, 0, 0, 
20, AcerMacr, 0, 0, 0, 0, 
20, AlnuRhom, 0, 0, 0, 0, 
20, AlnuRubr, 0, 0, 0, 0, 
20, ArbuMenz, 0, 0, 0, 0, 
20, CaloDecu, 0, 0, 0, 0, 
20, ChamNoot, 0, 0, 0, 0, 
20, ChryChry, 0, 0, 0, 0, 
20, FX_R_SEED, 0, 0, 0, 0, 
20, LithDens, 0, 0, 0, 0, 
20, NOFX_R_SEED, 0, 0, 0, 1, 
20, NOFX_NOR_SEED, 0, 0, 0, 1, 
20, PiceBrew, 0, 0, 0, 0, 
20, PiceSitc, 0, 0, 0, 0, 
20, PinuAlbi, 0, 0, 0, 0, 
20, PinuAtte, 0, 0, 0, 0, 
20, PinuCont, 0, 0, 0, 0, 
20, PinuJeff, 0, 0, 0, 0, 
20, PinuLamb, 0, 0, 0, 0, 
20, PinuMont, 0, 0, 0, 0, 
20, PinuPond, 0, 0, 0, 0, 
20, PseuMenz, 0, 0, 0, 1, 
20, QuerChry, 0, 0, 0, 1, 
20, QuerDoug, 0, 0, 0, 0, 
20, QuerKell, 0, 0, 0, 0, 
20, QuerGarr, 0, 0, 0, 0, 
20, SequSemp, 0, 0, 0, 0, 
20, TaxuBrev, 0, 0, 0, 0, 
20, TsugMert, 0, 0, 0, 0, 
21, AbieAmab, 0, 0, 0, 0, 
21, AbieGran, 0, 0, 0, 0, 
21, AbieMagn, 0, 0, 0, 0, 
21, AcerMacr, 0, 0, 0, 0, 
21, AlnuRhom, 0, 0, 0, 0, 
21, AlnuRubr, 0, 0, 0, 0, 
21, ArbuMenz, 0, 0, 0, 0, 
21, CaloDecu, 0, 0, 0, 0, 
21, ChamNoot, 0, 0, 0, 0, 
21, ChryChry, 0, 0, 0, 0, 
21, FX_R_SEED, 0, 0, 0, 0, 
21, LithDens, 0, 0, 0, 0, 
21, NOFX_R_SEED, 0, 0, 0, 0, 
21, NOFX_NOR_SEED, 0, 0, 0, 0, 
21, PiceBrew, 0, 0, 0, 0, 
21, PiceSitc, 0, 0, 0, 0, 
21, PinuAlbi, 0, 0, 0, 0, 
21, PinuAtte, 0, 0, 0, 0, 
21, PinuCont, 0, 0, 0, 0, 
21, PinuJeff, 0, 0, 0, 0, 
21, PinuLamb, 0, 0, 0, 0, 
21, PinuMont, 0, 0, 0, 0, 
21, PinuPond, 0, 0, 0, 0, 
21, PseuMenz, 0, 0, 0, 0, 
21, QuerChry, 0, 0, 0, 0, 
21, QuerDoug, 0, 0, 0, 0, 
21, QuerKell, 0, 0, 0, 0, 
21, QuerGarr, 0, 0, 0, 0, 
21, SequSemp, 0, 0, 0, 0, 
21, TaxuBrev, 0, 0, 0, 0, 
21, TsugMert, 0, 0, 0, 0, 
22, AbieAmab, 0, 0, 0, 0, 
22, AbieGran, 0, 0, 0, 0, 
22, AbieMagn, 0, 0, 0, 0, 
22, AcerMacr, 0, 0, 0, 0, 
22, AlnuRhom, 0, 0, 0, 0, 
22, AlnuRubr, 0, 0, 0, 0, 
22, ArbuMenz, 0, 0, 0, 0, 
22, CaloDecu, 0, 0, 0, 0, 
22, ChamNoot, 0, 0, 0, 0, 
22, ChryChry, 0, 0, 0, 0, 
22, FX_R_SEED, 0, 0, 0, 0, 
22, LithDens, 0, 0, 0, 0, 
22, NOFX_R_SEED, 0, 0, 0, 0, 
22, NOFX_NOR_SEED, 0, 0, 0, 0, 
22, PiceBrew, 0, 0, 0, 0, 
22, PiceSitc, 0, 0, 0, 0, 
22, PinuAlbi, 0, 0, 0, 0, 
22, PinuAtte, 0, 0, 0, 0, 
22, PinuCont, 0, 0, 0, 0, 
22, PinuJeff, 0, 0, 0, 0, 
22, PinuLamb, 0, 0, 0, 0, 
22, PinuMont, 0, 0, 0, 0, 
22, PinuPond, 0, 0, 0, 0, 
22, PseuMenz, 0, 0, 0, 0, 
22, QuerChry, 0, 0, 0, 0, 
22, QuerDoug, 0, 0, 0, 0, 
22, QuerKell, 0, 0, 0, 0, 
22, QuerGarr, 0, 0, 0, 0, 
22, SequSemp, 0, 0, 0, 0, 
22, TaxuBrev, 0, 0, 0, 0, 
22, TsugMert, 0, 0, 0, 0, 
23, AbieAmab, 0, 0, 0, 0, 
23, AbieGran, 0, 0, 0, 0, 
23, AbieMagn, 0, 0, 0, 0, 
23, AcerMacr, 0, 0, 0, 0, 
23, AlnuRhom, 0, 0, 0, 0, 
23, AlnuRubr, 0, 0, 0, 0, 
23, ArbuMenz, 0, 0, 0, 0, 
23, CaloDecu, 0, 0, 0, 0, 
23, ChamNoot, 0, 0, 0, 0, 
23, ChryChry, 0, 0, 0, 0, 
23, FX_R_SEED, 0, 0, 0, 0, 
23, LithDens, 0, 0, 0, 0, 
23, NOFX_R_SEED, 0, 0, 0, 0, 
23, NOFX_NOR_SEED, 0, 0, 0, 0, 
23, PiceBrew, 0, 0, 0, 0, 
23, PiceSitc, 0, 0, 0, 0, 
23, PinuAlbi, 0, 0, 0, 0, 
23, PinuAtte, 0, 0, 0, 0, 
23, PinuCont, 0, 0, 0, 0, 
23, PinuJeff, 0, 0, 0, 0, 
23, PinuLamb, 0, 0, 0, 0, 
23, PinuMont, 0, 0, 0, 0, 
23, PinuPond, 0, 0, 0, 0, 
23, PseuMenz, 0, 0, 0, 0, 
23, QuerChry, 0, 0, 0, 0, 
23, QuerDoug, 0, 0, 0, 0, 
23, QuerKell, 0, 0, 0, 0, 
23, QuerGarr, 0, 0, 0, 0, 
23, SequSemp, 0, 0, 0, 0, 
23, TaxuBrev, 0, 0, 0, 0, 
23, TsugMert, 0, 0, 0, 0, 
24, AbieAmab, 0, 0, 0, 0, 
24, AbieGran, 0, 0, 0, 0, 
24, AbieMagn, 0, 0, 0, 0, 
24, AcerMacr, 0, 0, 0, 0, 
24, AlnuRhom, 0, 0, 0, 0, 
24, AlnuRubr, 0, 0, 0, 0, 
24, ArbuMenz, 0, 0, 0, 0, 
24, CaloDecu, 0, 0, 0, 0, 
24, ChamNoot, 0, 0, 0, 0, 
24, ChryChry, 0, 0, 0, 0, 
24, FX_R_SEED, 0, 0, 0, 0, 
24, LithDens, 0, 0, 0, 0, 
24, NOFX_R_SEED, 0, 0, 0, 0, 
24, NOFX_NOR_SEED, 0, 0, 0, 0, 
24, PiceBrew, 0, 0, 0, 0, 
24, PiceSitc, 0, 0, 0, 0, 
24, PinuAlbi, 0, 0, 0, 0, 
24, PinuAtte, 0, 0, 0, 0, 
24, PinuCont, 0, 0, 0, 0, 
24, PinuJeff, 0, 0, 0, 0, 
24, PinuLamb, 0, 0, 0, 0, 
24, PinuMont, 0, 0, 0, 0, 
24, PinuPond, 0, 0, 0, 0, 
24, PseuMenz, 0, 0, 0, 0, 
24, QuerChry, 0, 0, 0, 0, 
24, QuerDoug, 0, 0, 0, 0, 
24, QuerKell, 0, 0, 0, 0, 
24, QuerGarr, 0, 0, 0, 0, 
24, SequSemp, 0, 0, 0, 0, 
24, TaxuBrev, 0, 0, 0, 0, 
24, TsugMert, 0, 0, 0, 0, 
25, AbieAmab, 0, 0, 0, 0, 
25, AbieGran, 0, 0, 0, 0, 
25, AbieMagn, 0, 0, 0, 0, 
25, AcerMacr, 0, 0, 0, 0, 
25, AlnuRhom, 0, 0, 0, 0, 
25, AlnuRubr, 0, 0, 0, 0, 
25, ArbuMenz, 0, 0, 0, 0, 
25, CaloDecu, 0, 0, 0, 0, 
25, ChamNoot, 0, 0, 0, 0, 
25, ChryChry, 0, 0, 0, 0, 
25, FX_R_SEED, 0, 0, 0, 0, 
25, LithDens, 0, 0, 0, 0, 
25, NOFX_R_SEED, 0, 0, 0, 0, 
25, NOFX_NOR_SEED, 0, 0, 0, 0, 
25, PiceBrew, 0, 0, 0, 0, 
25, PiceSitc, 0, 0, 0, 0, 
25, PinuAlbi, 0, 0, 0, 0, 
25, PinuAtte, 0, 0, 0, 0, 
25, PinuCont, 0, 0, 0, 0, 
25, PinuJeff, 0, 0, 0, 0, 
25, PinuLamb, 0, 0, 0, 0, 
25, PinuMont, 0, 0, 0, 0, 
25, PinuPond, 0, 0, 0, 0, 
25, PseuMenz, 0, 0, 0, 0, 
25, QuerChry, 0, 0, 0, 0, 
25, QuerDoug, 0, 0, 0, 0, 
25, QuerKell, 0, 0, 0, 0, 
25, QuerGarr, 0, 0, 0, 0, 
25, SequSemp, 0, 0, 0, 0, 
25, TaxuBrev, 0, 0, 0, 0, 
25, TsugMert, 0, 0, 0, 0, 
26, AbieAmab, 0, 0, 0, 0, 
26, AbieGran, 0, 0, 0, 0, 
26, AbieMagn, 0, 0, 0, 0, 
26, AcerMacr, 0, 0, 0, 0, 
26, AlnuRhom, 0, 0, 0, 0, 
26, AlnuRubr, 0, 0, 0, 0, 
26, ArbuMenz, 0, 0, 0, 0, 
26, CaloDecu, 0, 0, 0, 0, 
26, ChamNoot, 0, 0, 0, 0, 
26, ChryChry, 0, 0, 0, 0, 
26, FX_R_SEED, 0, 0, 0, 0, 
26, LithDens, 0, 0, 0, 0, 
26, NOFX_R_SEED, 0, 0, 0, 0, 
26, NOFX_NOR_SEED, 0, 0, 0, 0, 
26, PiceBrew, 0, 0, 0, 0, 
26, PiceSitc, 0, 0, 0, 0, 
26, PinuAlbi, 0, 0, 0, 0, 
26, PinuAtte, 0, 0, 0, 0, 
26, PinuCont, 0, 0, 0, 0, 
26, PinuJeff, 0, 0, 0, 0, 
26, PinuLamb, 0, 0, 0, 0, 
26, PinuMont, 0, 0, 0, 0, 
26, PinuPond, 0, 0, 0, 0, 
26, PseuMenz, 0, 0, 0, 0, 
26, QuerChry, 0, 0, 0, 0, 
26, QuerDoug, 0, 0, 0, 0, 
26, QuerKell, 0, 0, 0, 0, 
26, QuerGarr, 0, 0, 0, 0, 
26, SequSemp, 0, 0, 0, 0, 
26, TaxuBrev, 0, 0, 0, 0, 
26, TsugMert, 0, 0, 0, 0, 
27, AbieAmab, 0, 0, 0, 0, 
27, AbieGran, 0, 0, 0, 0, 
27, AbieMagn, 0, 0, 0, 0, 
27, AcerMacr, 0, 0, 0, 0, 
27, AlnuRhom, 0, 0, 0, 0, 
27, AlnuRubr, 0, 0, 0, 0, 
27, ArbuMenz, 0, 0, 0, 0, 
27, CaloDecu, 0, 0, 0, 0, 
27, ChamNoot, 0, 0, 0, 0, 
27, ChryChry, 0, 0, 0, 0, 
27, FX_R_SEED, 0, 0, 0, 0, 
27, LithDens, 0, 0, 0, 0, 
27, NOFX_R_SEED, 0, 0, 0, 0, 
27, NOFX_NOR_SEED, 0, 0, 0, 0, 
27, PiceBrew, 0, 0, 0, 0, 
27, PiceSitc, 0, 0, 0, 0, 
27, PinuAlbi, 0, 0, 0, 0, 
27, PinuAtte, 0, 0, 0, 0, 
27, PinuCont, 0, 0, 0, 0, 
27, PinuJeff, 0, 0, 0, 0, 
27, PinuLamb, 0, 0, 0, 0, 
27, PinuMont, 0, 0, 0, 0, 
27, PinuPond, 0, 0, 0, 0, 
27, PseuMenz, 0, 0, 0, 0, 
27, QuerChry, 0, 0, 0, 0, 
27, QuerDoug, 0, 0, 0, 0, 
27, QuerKell, 0, 0, 0, 0, 
27, QuerGarr, 0, 0, 0, 0, 
27, SequSemp, 0, 0, 0, 0, 
27, TaxuBrev, 0, 0, 0, 0, 
27, TsugMert, 0, 0, 0, 0, 
28, AbieAmab, 0, 0, 0, 0, 
28, AbieGran, 0, 0, 0, 0, 
28, AbieMagn, 0, 0, 0, 0, 
28, AcerMacr, 0, 0, 0, 0, 
28, AlnuRhom, 0, 0, 0, 0, 
28, AlnuRubr, 0, 0, 0, 0, 
28, ArbuMenz, 0, 0, 0, 0, 
28, CaloDecu, 0, 0, 0, 0, 
28, ChamNoot, 0, 0, 0, 0, 
28, ChryChry, 0, 0, 0, 0, 
28, FX_R_SEED, 0, 0, 0, 0, 
28, LithDens, 0, 0, 0, 0, 
28, NOFX_R_SEED, 0, 0, 0, 0, 
28, NOFX_NOR_SEED, 0, 0, 0, 0, 
28, PiceBrew, 0, 0, 0, 0, 
28, PiceSitc, 0, 0, 0, 0, 
28, PinuAlbi, 0, 0, 0, 0, 
28, PinuAtte, 0, 0, 0, 0, 
28, PinuCont, 0, 0, 0, 0, 
28, PinuJeff, 0, 0, 0, 0, 
28, PinuLamb, 0, 0, 0, 0, 
28, PinuMont, 0, 0, 0, 0, 
28, PinuPond, 0, 0, 0, 0, 
28, PseuMenz, 0, 0, 0, 0, 
28, QuerChry, 0, 0, 0, 0, 
28, QuerDoug, 0, 0, 0, 0, 
28, QuerKell, 0, 0, 0, 0, 
28, QuerGarr, 0, 0, 0, 0, 
28, SequSemp, 0, 0, 0, 0, 
28, TaxuBrev, 0, 0, 0, 0, 
28, TsugMert, 0, 0, 0, 0, 
29, AbieAmab, 0, 0, 0, 0, 
29, AbieGran, 0, 0, 0, 0, 
29, AbieMagn, 0, 0, 0, 0, 
29, AcerMacr, 0, 0, 0, 0, 
29, AlnuRhom, 0, 0, 0, 0, 
29, AlnuRubr, 0, 0, 0, 0, 
29, ArbuMenz, 0, 0, 0, 0, 
29, CaloDecu, 0, 0, 0, 0, 
29, ChamNoot, 0, 0, 0, 0, 
29, ChryChry, 0, 0, 0, 0, 
29, FX_R_SEED, 0, 0, 0, 0, 
29, LithDens, 0, 0, 0, 0, 
29, NOFX_R_SEED, 0, 0, 0, 0, 
29, NOFX_NOR_SEED, 0, 0, 0, 0, 
29, PiceBrew, 0, 0, 0, 0, 
29, PiceSitc, 0, 0, 0, 0, 
29, PinuAlbi, 0, 0, 0, 0, 
29, PinuAtte, 0, 0, 0, 0, 
29, PinuCont, 0, 0, 0, 0, 
29, PinuJeff, 0, 0, 0, 0, 
29, PinuLamb, 0, 0, 0, 0, 
29, PinuMont, 0, 0, 0, 0, 
29, PinuPond, 0, 0, 0, 0, 
29, PseuMenz, 0, 0, 0, 0, 
29, QuerChry, 0, 0, 0, 0, 
29, QuerDoug, 0, 0, 0, 0, 
29, QuerKell, 0, 0, 0, 0, 
29, QuerGarr, 0, 0, 0, 0, 
29, SequSemp, 0, 0, 0, 0, 
29, TaxuBrev, 0, 0, 0, 0, 
29, TsugMert, 0, 0, 0, 0, 
30, AbieAmab, 0, 0, 0, 0, 
30, AbieGran, 0, 0, 0, 0, 
30, AbieMagn, 0, 0, 0, 0, 
30, AcerMacr, 0, 0, 0, 0, 
30, AlnuRhom, 0, 0, 0, 0, 
30, AlnuRubr, 0, 0, 0, 0, 
30, ArbuMenz, 0, 0, 0, 0, 
30, CaloDecu, 0, 0, 0, 0, 
30, ChamNoot, 0, 0, 0, 0, 
30, ChryChry, 0, 0, 0, 0, 
30, FX_R_SEED, 0, 0, 0, 0, 
30, LithDens, 0, 0, 0, 0, 
30, NOFX_R_SEED, 0, 0, 0, 0, 
30, NOFX_NOR_SEED, 0, 0, 0, 0, 
30, PiceBrew, 0, 0, 0, 0, 
30, PiceSitc, 0, 0, 0, 0, 
30, PinuAlbi, 0, 0, 0, 0, 
30, PinuAtte, 0, 0, 0, 0, 
30, PinuCont, 0, 0, 0, 0, 
30, PinuJeff, 0, 0, 0, 0, 
30, PinuLamb, 0, 0, 0, 0, 
30, PinuMont, 0, 0, 0, 0, 
30, PinuPond, 0, 0, 0, 0, 
30, PseuMenz, 0, 0, 0, 0, 
30, QuerChry, 0, 0, 0, 0, 
30, QuerDoug, 0, 0, 0, 0, 
30, QuerKell, 0, 0, 0, 0, 
30, QuerGarr, 0, 0, 0, 0, 
30, SequSemp, 0, 0, 0, 0, 
30, TaxuBrev, 0, 0, 0, 0, 
30, TsugMert, 0, 0, 0, 0, 
31, AbieAmab, 0, 0, 0, 0, 
31, AbieGran, 0, 0, 0, 0, 
31, AbieMagn, 0, 0, 0, 0, 
31, AcerMacr, 0, 0, 0, 0, 
31, AlnuRhom, 0, 0, 0, 0, 
31, AlnuRubr, 0, 0, 0, 0, 
31, ArbuMenz, 0, 0, 0, 0, 
31, CaloDecu, 0, 0, 0, 0, 
31, ChamNoot, 0, 0, 0, 0, 
31, ChryChry, 0, 0, 0, 0, 
31, FX_R_SEED, 0, 0, 0, 0, 
31, LithDens, 0, 0, 0, 0, 
31, NOFX_R_SEED, 0, 0, 0, 0, 
31, NOFX_NOR_SEED, 0, 0, 0, 1, 
31, PiceBrew, 0, 0, 0, 0, 
31, PiceSitc, 0, 0, 0, 0, 
31, PinuAlbi, 0, 0, 0, 0, 
31, PinuAtte, 0, 0, 0, 0, 
31, PinuCont, 0, 0, 0, 0, 
31, PinuJeff, 0, 0, 0, 0, 
31, PinuLamb, 0, 0, 0, 0, 
31, PinuMont, 0, 0, 0, 0, 
31, PinuPond, 0, 0, 0, 0, 
31, PseuMenz, 0, 0, 0, 0, 
31, QuerChry, 0, 0, 0, 0, 
31, QuerDoug, 0, 0, 0, 0, 
31, QuerKell, 0, 0, 0, 0, 
31, QuerGarr, 0, 0, 0, 0, 
31, SequSemp, 0, 0, 0, 0, 
31, TaxuBrev, 0, 0, 0, 0, 
31, TsugMert, 0, 0, 0, 0, 
32, AbieAmab, 0, 0, 0, 0, 
32, AbieGran, 0, 0, 0, 0, 
32, AbieMagn, 0, 0, 0, 0, 
32, AcerMacr, 0, 0, 0, 0, 
32, AlnuRhom, 0, 0, 0, 0, 
32, AlnuRubr, 0, 0, 0, 0, 
32, ArbuMenz, 0, 0, 0, 0, 
32, CaloDecu, 0, 0, 0, 0, 
32, ChamNoot, 0, 0, 0, 0, 
32, ChryChry, 0, 0, 0, 0, 
32, FX_R_SEED, 0, 0, 0, 0, 
32, LithDens, 0, 0, 0, 0, 
32, NOFX_R_SEED, 0, 0, 0, 0, 
32, NOFX_NOR_SEED, 0, 0, 0, 0, 
32, PiceBrew, 0, 0, 0, 0, 
32, PiceSitc, 0, 0, 0, 0, 
32, PinuAlbi, 0, 0, 0, 0, 
32, PinuAtte, 0, 0, 0, 0, 
32, PinuCont, 0, 0, 0, 0, 
32, PinuJeff, 0, 0, 0, 0, 
32, PinuLamb, 0, 0, 0, 0, 
32, PinuMont, 0, 0, 0, 0, 
32, PinuPond, 0, 0, 0, 0, 
32, PseuMenz, 0, 0, 0, 0, 
32, QuerChry, 0, 0, 0, 0, 
32, QuerDoug, 0, 0, 0, 0, 
32, QuerKell, 0, 0, 0, 0, 
32, QuerGarr, 0, 0, 0, 0, 
32, SequSemp, 0, 0, 0, 0, 
32, TaxuBrev, 0, 0, 0, 0, 
32, TsugMert, 0, 0, 0, 0, 
33, AbieAmab, 0, 0, 0, 0, 
33, AbieGran, 0, 0, 0, 0, 
33, AbieMagn, 0, 0, 0, 0, 
33, AcerMacr, 0, 0, 0, 0, 
33, AlnuRhom, 0, 0, 0, 0, 
33, AlnuRubr, 0, 0, 0, 0, 
33, ArbuMenz, 0, 0, 0, 0, 
33, CaloDecu, 0, 0, 0, 0, 
33, ChamNoot, 0, 0, 0, 0, 
33, ChryChry, 0, 0, 0, 0, 
33, FX_R_SEED, 0, 0, 0, 0, 
33, LithDens, 0, 0, 0, 0, 
33, NOFX_R_SEED, 0, 0, 0, 0, 
33, NOFX_NOR_SEED, 0, 0, 0, 0, 
33, PiceBrew, 0, 0, 0, 0, 
33, PiceSitc, 0, 0, 0, 0, 
33, PinuAlbi, 0, 0, 0, 0, 
33, PinuAtte, 0, 0, 0, 0, 
33, PinuCont, 0, 0, 0, 0, 
33, PinuJeff, 0, 0, 0, 0, 
33, PinuLamb, 0, 0, 0, 0, 
33, PinuMont, 0, 0, 0, 0, 
33, PinuPond, 0, 0, 0, 0, 
33, PseuMenz, 0, 0, 0, 0, 
33, QuerChry, 0, 0, 0, 1, 
33, QuerDoug, 0, 0, 0, 0, 
33, QuerKell, 0, 0, 0, 0, 
33, QuerGarr, 0, 0, 0, 0, 
33, SequSemp, 0, 0, 0, 0, 
33, TaxuBrev, 0, 0, 0, 0, 
33, TsugMert, 0, 0, 0, 0, 
34, AbieAmab, 0, 0, 0, 0, 
34, AbieGran, 0, 0, 0, 0, 
34, AbieMagn, 0, 0, 0, 0, 
34, AcerMacr, 0, 0, 0, 0, 
34, AlnuRhom, 0, 0, 0, 0, 
34, AlnuRubr, 0, 0, 0, 0, 
34, ArbuMenz, 0, 0, 0, 0, 
34, CaloDecu, 0, 0, 0, 0, 
34, ChamNoot, 0, 0, 0, 0, 
34, ChryChry, 0, 0, 0, 0, 
34, FX_R_SEED, 0, 0, 0, 0, 
34, LithDens, 0, 0, 0, 0, 
34, NOFX_R_SEED, 0, 0, 0, 0, 
34, NOFX_NOR_SEED, 0, 0, 0, 1, 
34, PiceBrew, 0, 0, 0, 0, 
34, PiceSitc, 0, 0, 0, 0, 
34, PinuAlbi, 0, 0, 0, 0, 
34, PinuAtte, 0, 0, 0, 0, 
34, PinuCont, 0, 0, 0, 0, 
34, PinuJeff, 0, 0, 0, 0, 
34, PinuLamb, 0, 0, 0, 0, 
34, PinuMont, 0, 0, 0, 0, 
34, PinuPond, 0, 0, 0, 0, 
34, PseuMenz, 0, 0, 0, 0, 
34, QuerChry, 0, 0, 0, 0, 
34, QuerDoug, 0, 0, 0, 0, 
34, QuerKell, 0, 0, 0, 0, 
34, QuerGarr, 0, 0, 0, 0, 
34, SequSemp, 0, 0, 0, 0, 
34, TaxuBrev, 0, 0, 0, 0, 
34, TsugMert, 0, 0, 0, 0, 
35, AbieAmab, 0, 0, 0, 0, 
35, AbieGran, 0, 0, 0, 0, 
35, AbieMagn, 0, 0, 0, 0, 
35, AcerMacr, 0, 0, 0, 0, 
35, AlnuRhom, 0, 0, 0, 0, 
35, AlnuRubr, 0, 0, 0, 0, 
35, ArbuMenz, 0, 0, 0, 0, 
35, CaloDecu, 0, 0, 0, 0, 
35, ChamNoot, 0, 0, 0, 0, 
35, ChryChry, 0, 0, 0, 0, 
35, FX_R_SEED, 0, 0, 0, 0, 
35, LithDens, 0, 0, 0, 0, 
35, NOFX_R_SEED, 0, 0, 0, 0, 
35, NOFX_NOR_SEED, 0, 0, 0, 0, 
35, PiceBrew, 0, 0, 0, 0, 
35, PiceSitc, 0, 0, 0, 0, 
35, PinuAlbi, 0, 0, 0, 0, 
35, PinuAtte, 0, 0, 0, 0, 
35, PinuCont, 0, 0, 0, 0, 
35, PinuJeff, 0, 0, 0, 0, 
35, PinuLamb, 0, 0, 0, 0, 
35, PinuMont, 0, 0, 0, 0, 
35, PinuPond, 0, 0, 0, 0, 
35, PseuMenz, 0, 0, 0, 0, 
35, QuerChry, 0, 0, 0, 0, 
35, QuerDoug, 0, 0, 0, 0, 
35, QuerKell, 0, 0, 0, 0, 
35, QuerGarr, 0, 0, 0, 0, 
35, SequSemp, 0, 0, 0, 0, 
35, TaxuBrev, 0, 0, 0, 0, 
35, TsugMert, 0, 0, 0, 0, 
36, AbieAmab, 0, 0, 0, 0, 
36, AbieGran, 0, 0, 0, 0, 
36, AbieMagn, 0, 0, 0, 0, 
36, AcerMacr, 0, 0, 0, 0, 
36, AlnuRhom, 0, 0, 0, 0, 
36, AlnuRubr, 0, 0, 0, 0, 
36, ArbuMenz, 0, 0, 0, 0, 
36, CaloDecu, 0, 0, 0, 0, 
36, ChamNoot, 0, 0, 0, 0, 
36, ChryChry, 0, 0, 0, 0, 
36, FX_R_SEED, 0, 0, 0, 0, 
36, LithDens, 0, 0, 0, 0, 
36, NOFX_R_SEED, 0, 0, 0, 0, 
36, NOFX_NOR_SEED, 0, 0, 0, 0, 
36, PiceBrew, 0, 0, 0, 0, 
36, PiceSitc, 0, 0, 0, 0, 
36, PinuAlbi, 0, 0, 0, 0, 
36, PinuAtte, 0, 0, 0, 0, 
36, PinuCont, 0, 0, 0, 0, 
36, PinuJeff, 0, 0, 0, 0, 
36, PinuLamb, 0, 0, 0, 0, 
36, PinuMont, 0, 0, 0, 0, 
36, PinuPond, 0, 0, 0, 0, 
36, PseuMenz, 0, 0, 0, 0, 
36, QuerChry, 0, 0, 0, 0, 
36, QuerDoug, 0, 0, 0, 0, 
36, QuerKell, 0, 0, 0, 0, 
36, QuerGarr, 0, 0, 0, 0, 
36, SequSemp, 0, 0, 0, 0, 
36, TaxuBrev, 0, 0, 0, 0, 
36, TsugMert, 0, 0, 0, 0, 
37, AbieAmab, 0, 0, 0, 0, 
37, AbieGran, 0, 0, 0, 0, 
37, AbieMagn, 0, 0, 0, 0, 
37, AcerMacr, 0, 0, 0, 0, 
37, AlnuRhom, 0, 0, 0, 0, 
37, AlnuRubr, 0, 0, 0, 0, 
37, ArbuMenz, 0, 0, 0, 0, 
37, CaloDecu, 0, 0, 0, 0, 
37, ChamNoot, 0, 0, 0, 0, 
37, ChryChry, 0, 0, 0, 0, 
37, FX_R_SEED, 0, 0, 0, 0, 
37, LithDens, 0, 0, 0, 0, 
37, NOFX_R_SEED, 0, 0, 0, 0, 
37, NOFX_NOR_SEED, 0, 0, 0, 0, 
37, PiceBrew, 0, 0, 0, 0, 
37, PiceSitc, 0, 0, 0, 0, 
37, PinuAlbi, 0, 0, 0, 0, 
37, PinuAtte, 0, 0, 0, 0, 
37, PinuCont, 0, 0, 0, 0, 
37, PinuJeff, 0, 0, 0, 0, 
37, PinuLamb, 0, 0, 0, 0, 
37, PinuMont, 0, 0, 0, 0, 
37, PinuPond, 0, 0, 0, 0, 
37, PseuMenz, 0, 0, 0, 0, 
37, QuerChry, 0, 0, 0, 0, 
37, QuerDoug, 0, 0, 0, 0, 
37, QuerKell, 0, 0, 0, 0, 
37, QuerGarr, 0, 0, 0, 0, 
37, SequSemp, 0, 0, 0, 0, 
37, TaxuBrev, 0, 0, 0, 0, 
37, TsugMert, 0, 0, 0, 0, 
38, AbieAmab, 0, 0, 0, 0, 
38, AbieGran, 0, 0, 0, 0, 
38, AbieMagn, 0, 0, 0, 0, 
38, AcerMacr, 0, 0, 0, 0, 
38, AlnuRhom, 0, 0, 0, 0, 
38, AlnuRubr, 0, 0, 0, 0, 
38, ArbuMenz, 0, 0, 0, 0, 
38, CaloDecu, 0, 0, 0, 0, 
38, ChamNoot, 0, 0, 0, 0, 
38, ChryChry, 0, 0, 0, 0, 
38, FX_R_SEED, 0, 0, 0, 0, 
38, LithDens, 0, 0, 0, 0, 
38, NOFX_R_SEED, 0, 0, 0, 0, 
38, NOFX_NOR_SEED, 0, 0, 0, 0, 
38, PiceBrew, 0, 0, 0, 0, 
38, PiceSitc, 0, 0, 0, 0, 
38, PinuAlbi, 0, 0, 0, 0, 
38, PinuAtte, 0, 0, 0, 0, 
38, PinuCont, 0, 0, 0, 0, 
38, PinuJeff, 0, 0, 0, 0, 
38, PinuLamb, 0, 0, 0, 0, 
38, PinuMont, 0, 0, 0, 0, 
38, PinuPond, 0, 0, 0, 0, 
38, PseuMenz, 0, 0, 0, 0, 
38, QuerChry, 0, 0, 0, 0, 
38, QuerDoug, 0, 0, 0, 0, 
38, QuerKell, 0, 0, 0, 0, 
38, QuerGarr, 0, 0, 0, 0, 
38, SequSemp, 0, 0, 0, 0, 
38, TaxuBrev, 0, 0, 0, 0, 
38, TsugMert, 0, 0, 0, 0, 
39, AbieAmab, 0, 0, 0, 0, 
39, AbieGran, 0, 0, 0, 0, 
39, AbieMagn, 0, 0, 0, 0, 
39, AcerMacr, 0, 0, 0, 0, 
39, AlnuRhom, 0, 0, 0, 0, 
39, AlnuRubr, 0, 0, 0, 0, 
39, ArbuMenz, 0, 0, 0, 0, 
39, CaloDecu, 0, 0, 0, 0, 
39, ChamNoot, 0, 0, 0, 0, 
39, ChryChry, 0, 0, 0, 0, 
39, FX_R_SEED, 0, 0, 0, 0, 
39, LithDens, 0, 0, 0, 0, 
39, NOFX_R_SEED, 0, 0, 0, 0, 
39, NOFX_NOR_SEED, 0, 0, 0, 0, 
39, PiceBrew, 0, 0, 0, 0, 
39, PiceSitc, 0, 0, 0, 0, 
39, PinuAlbi, 0, 0, 0, 0, 
39, PinuAtte, 0, 0, 0, 0, 
39, PinuCont, 0, 0, 0, 0, 
39, PinuJeff, 0, 0, 0, 0, 
39, PinuLamb, 0, 0, 0, 0, 
39, PinuMont, 0, 0, 0, 0, 
39, PinuPond, 0, 0, 0, 0, 
39, PseuMenz, 0, 0, 0, 0, 
39, QuerChry, 0, 0, 0, 0, 
39, QuerDoug, 0, 0, 0, 0, 
39, QuerKell, 0, 0, 0, 0, 
39, QuerGarr, 0, 0, 0, 0, 
39, SequSemp, 0, 0, 0, 0, 
39, TaxuBrev, 0, 0, 0, 0, 
39, TsugMert, 0, 0, 0, 0, 
40, AbieAmab, 0, 0, 0, 0, 
40, AbieGran, 0, 0, 0, 0, 
40, AbieMagn, 0, 0, 0, 0, 
40, AcerMacr, 0, 0, 0, 0, 
40, AlnuRhom, 0, 0, 0, 0, 
40, AlnuRubr, 0, 0, 0, 0, 
40, ArbuMenz, 0, 0, 0, 0, 
40, CaloDecu, 0, 0, 0, 0, 
40, ChamNoot, 0, 0, 0, 0, 
40, ChryChry, 0, 0, 0, 0, 
40, FX_R_SEED, 0, 0, 0, 0, 
40, LithDens, 0, 0, 0, 0, 
40, NOFX_R_SEED, 0, 0, 0, 0, 
40, NOFX_NOR_SEED, 0, 0, 0, 0, 
40, PiceBrew, 0, 0, 0, 0, 
40, PiceSitc, 0, 0, 0, 0, 
40, PinuAlbi, 0, 0, 0, 0, 
40, PinuAtte, 0, 0, 0, 0, 
40, PinuCont, 0, 0, 0, 0, 
40, PinuJeff, 0, 0, 0, 0, 
40, PinuLamb, 0, 0, 0, 0, 
40, PinuMont, 0, 0, 0, 0, 
40, PinuPond, 0, 0, 0, 0, 
40, PseuMenz, 0, 0, 0, 0, 
40, QuerChry, 0, 0, 0, 0, 
40, QuerDoug, 0, 0, 0, 0, 
40, QuerKell, 0, 0, 0, 0, 
40, QuerGarr, 0, 0, 0, 0, 
40, SequSemp, 0, 0, 0, 0, 
40, TaxuBrev, 0, 0, 0, 0, 
40, TsugMert, 0, 0, 0, 0, 
41, AbieAmab, 0, 0, 0, 0, 
41, AbieGran, 0, 0, 0, 0, 
41, AbieMagn, 0, 0, 0, 0, 
41, AcerMacr, 0, 0, 0, 0, 
41, AlnuRhom, 0, 0, 0, 0, 
41, AlnuRubr, 0, 0, 0, 0, 
41, ArbuMenz, 0, 0, 0, 0, 
41, CaloDecu, 0, 0, 0, 0, 
41, ChamNoot, 0, 0, 0, 0, 
41, ChryChry, 0, 0, 0, 0, 
41, FX_R_SEED, 0, 0, 0, 0, 
41, LithDens, 0, 0, 0, 0, 
41, NOFX_R_SEED, 0, 0, 0, 0, 
41, NOFX_NOR_SEED, 0, 0, 0, 0, 
41, PiceBrew, 0, 0, 0, 0, 
41, PiceSitc, 0, 0, 0, 0, 
41, PinuAlbi, 0, 0, 0, 0, 
41, PinuAtte, 0, 0, 0, 0, 
41, PinuCont, 0, 0, 0, 0, 
41, PinuJeff, 0, 0, 0, 0, 
41, PinuLamb, 0, 0, 0, 0, 
41, PinuMont, 0, 0, 0, 0, 
41, PinuPond, 0, 0, 0, 0, 
41, PseuMenz, 0, 0, 0, 0, 
41, QuerChry, 0, 0, 0, 0, 
41, QuerDoug, 0, 0, 0, 0, 
41, QuerKell, 0, 0, 0, 0, 
41, QuerGarr, 0, 0, 0, 0, 
41, SequSemp, 0, 0, 0, 0, 
41, TaxuBrev, 0, 0, 0, 0, 
41, TsugMert, 0, 0, 0, 0, 
42, AbieAmab, 0, 0, 0, 0, 
42, AbieGran, 0, 0, 0, 0, 
42, AbieMagn, 0, 0, 0, 0, 
42, AcerMacr, 0, 0, 0, 0, 
42, AlnuRhom, 0, 0, 0, 0, 
42, AlnuRubr, 0, 0, 0, 0, 
42, ArbuMenz, 0, 0, 0, 0, 
42, CaloDecu, 0, 0, 0, 0, 
42, ChamNoot, 0, 0, 0, 0, 
42, ChryChry, 0, 0, 0, 0, 
42, FX_R_SEED, 0, 0, 0, 0, 
42, LithDens, 0, 0, 0, 0, 
42, NOFX_R_SEED, 0, 0, 0, 0, 
42, NOFX_NOR_SEED, 0, 0, 0, 0, 
42, PiceBrew, 0, 0, 0, 0, 
42, PiceSitc, 0, 0, 0, 0, 
42, PinuAlbi, 0, 0, 0, 0, 
42, PinuAtte, 0, 0, 0, 0, 
42, PinuCont, 0, 0, 0, 0, 
42, PinuJeff, 0, 0, 0, 0, 
42, PinuLamb, 0, 0, 0, 0, 
42, PinuMont, 0, 0, 0, 0, 
42, PinuPond, 0, 0, 0, 0, 
42, PseuMenz, 0, 0, 0, 0, 
42, QuerChry, 0, 0, 0, 0, 
42, QuerDoug, 0, 0, 0, 0, 
42, QuerKell, 0, 0, 0, 0, 
42, QuerGarr, 0, 0, 0, 0, 
42, SequSemp, 0, 0, 0, 0, 
42, TaxuBrev, 0, 0, 0, 0, 
42, TsugMert, 0, 0, 0, 0, 
43, AbieAmab, 0, 0, 0, 0, 
43, AbieGran, 0, 0, 0, 0, 
43, AbieMagn, 0, 0, 0, 0, 
43, AcerMacr, 0, 0, 0, 0, 
43, AlnuRhom, 0, 0, 0, 0, 
43, AlnuRubr, 0, 0, 0, 0, 
43, ArbuMenz, 0, 0, 0, 0, 
43, CaloDecu, 0, 0, 0, 0, 
43, ChamNoot, 0, 0, 0, 0, 
43, ChryChry, 0, 0, 0, 0, 
43, FX_R_SEED, 0, 0, 0, 0, 
43, LithDens, 0, 0, 0, 0, 
43, NOFX_R_SEED, 0, 0, 0, 0, 
43, NOFX_NOR_SEED, 0, 0, 0, 0, 
43, PiceBrew, 0, 0, 0, 0, 
43, PiceSitc, 0, 0, 0, 0, 
43, PinuAlbi, 0, 0, 0, 0, 
43, PinuAtte, 0, 0, 0, 0, 
43, PinuCont, 0, 0, 0, 0, 
43, PinuJeff, 0, 0, 0, 0, 
43, PinuLamb, 0, 0, 0, 0, 
43, PinuMont, 0, 0, 0, 0, 
43, PinuPond, 0, 0, 0, 0, 
43, PseuMenz, 0, 0, 0, 0, 
43, QuerChry, 0, 0, 0, 0, 
43, QuerDoug, 0, 0, 0, 0, 
43, QuerKell, 0, 0, 0, 0, 
43, QuerGarr, 0, 0, 0, 0, 
43, SequSemp, 0, 0, 0, 0, 
43, TaxuBrev, 0, 0, 0, 0, 
43, TsugMert, 0, 0, 0, 0, 
44, AbieAmab, 0, 0, 0, 0, 
44, AbieGran, 0, 0, 0, 0, 
44, AbieMagn, 0, 0, 0, 0, 
44, AcerMacr, 0, 0, 0, 0, 
44, AlnuRhom, 0, 0, 0, 0, 
44, AlnuRubr, 0, 0, 0, 0, 
44, ArbuMenz, 0, 0, 0, 0, 
44, CaloDecu, 0, 0, 0, 0, 
44, ChamNoot, 0, 0, 0, 0, 
44, ChryChry, 0, 0, 0, 0, 
44, FX_R_SEED, 0, 0, 0, 0, 
44, LithDens, 0, 0, 0, 0, 
44, NOFX_R_SEED, 0, 0, 0, 0, 
44, NOFX_NOR_SEED, 0, 0, 0, 0, 
44, PiceBrew, 0, 0, 0, 0, 
44, PiceSitc, 0, 0, 0, 0, 
44, PinuAlbi, 0, 0, 0, 0, 
44, PinuAtte, 0, 0, 0, 0, 
44, PinuCont, 0, 0, 0, 0, 
44, PinuJeff, 0, 0, 0, 0, 
44, PinuLamb, 0, 0, 0, 0, 
44, PinuMont, 0, 0, 0, 0, 
44, PinuPond, 0, 0, 0, 0, 
44, PseuMenz, 0, 0, 0, 0, 
44, QuerChry, 0, 0, 0, 0, 
44, QuerDoug, 0, 0, 0, 0, 
44, QuerKell, 0, 0, 0, 0, 
44, QuerGarr, 0, 0, 0, 0, 
44, SequSemp, 0, 0, 0, 0, 
44, TaxuBrev, 0, 0, 0, 0, 
44, TsugMert, 0, 0, 0, 0, 
45, AbieAmab, 0, 0, 0, 0, 
45, AbieGran, 0, 0, 0, 0, 
45, AbieMagn, 0, 0, 0, 0, 
45, AcerMacr, 0, 0, 0, 0, 
45, AlnuRhom, 0, 0, 0, 0, 
45, AlnuRubr, 0, 0, 0, 0, 
45, ArbuMenz, 0, 0, 0, 0, 
45, CaloDecu, 0, 0, 0, 0, 
45, ChamNoot, 0, 0, 0, 0, 
45, ChryChry, 0, 0, 0, 0, 
45, FX_R_SEED, 0, 0, 0, 0, 
45, LithDens, 0, 0, 0, 0, 
45, NOFX_R_SEED, 0, 0, 0, 0, 
45, NOFX_NOR_SEED, 0, 0, 0, 0, 
45, PiceBrew, 0, 0, 0, 0, 
45, PiceSitc, 0, 0, 0, 0, 
45, PinuAlbi, 0, 0, 0, 0, 
45, PinuAtte, 0, 0, 0, 0, 
45, PinuCont, 0, 0, 0, 0, 
45, PinuJeff, 0, 0, 0, 0, 
45, PinuLamb, 0, 0, 0, 0, 
45, PinuMont, 0, 0, 0, 0, 
45, PinuPond, 0, 0, 0, 0, 
45, PseuMenz, 0, 0, 0, 0, 
45, QuerChry, 0, 0, 0, 0, 
45, QuerDoug, 0, 0, 0, 0, 
45, QuerKell, 0, 0, 0, 0, 
45, QuerGarr, 0, 0, 0, 0, 
45, SequSemp, 0, 0, 0, 0, 
45, TaxuBrev, 0, 0, 0, 0, 
45, TsugMert, 0, 0, 0, 0, 
46, AbieAmab, 0, 0, 0, 0, 
46, AbieGran, 0, 0, 0, 0, 
46, AbieMagn, 0, 0, 0, 0, 
46, AcerMacr, 0, 0, 0, 0, 
46, AlnuRhom, 0, 0, 0, 0, 
46, AlnuRubr, 0, 0, 0, 0, 
46, ArbuMenz, 0, 0, 0, 0, 
46, CaloDecu, 0, 0, 0, 0, 
46, ChamNoot, 0, 0, 0, 0, 
46, ChryChry, 0, 0, 0, 0, 
46, FX_R_SEED, 0, 0, 0, 0, 
46, LithDens, 0, 0, 0, 0, 
46, NOFX_R_SEED, 0, 0, 0, 0, 
46, NOFX_NOR_SEED, 0, 0, 0, 1, 
46, PiceBrew, 0, 0, 0, 0, 
46, PiceSitc, 0, 0, 0, 0, 
46, PinuAlbi, 0, 0, 0, 0, 
46, PinuAtte, 0, 0, 0, 0, 
46, PinuCont, 0, 0, 0, 0, 
46, PinuJeff, 0, 0, 0, 0, 
46, PinuLamb, 0, 0, 0, 0, 
46, PinuMont, 0, 0, 0, 0, 
46, PinuPond, 0, 0, 0, 0, 
46, PseuMenz, 0, 0, 0, 0, 
46, QuerChry, 0, 0, 0, 0, 
46, QuerDoug, 0, 0, 0, 0, 
46, QuerKell, 0, 0, 0, 0, 
46, QuerGarr, 0, 0, 0, 0, 
46, SequSemp, 0, 0, 0, 0, 
46, TaxuBrev, 0, 0, 0, 0, 
46, TsugMert, 0, 0, 0, 0, 
47, AbieAmab, 0, 0, 0, 0, 
47, AbieGran, 0, 0, 0, 0, 
47, AbieMagn, 0, 0, 0, 0, 
47, AcerMacr, 0, 0, 0, 0, 
47, AlnuRhom, 0, 0, 0, 0, 
47, AlnuRubr, 0, 0, 0, 0, 
47, ArbuMenz, 0, 0, 0, 0, 
47, CaloDecu, 0, 0, 0, 0, 
47, ChamNoot, 0, 0, 0, 0, 
47, ChryChry, 0, 0, 0, 0, 
47, FX_R_SEED, 0, 0, 0, 0, 
47, LithDens, 0, 0, 0, 0, 
47, NOFX_R_SEED, 0, 0, 0, 0, 
47, NOFX_NOR_SEED, 0, 0, 0, 0, 
47, PiceBrew, 0, 0, 0, 0, 
47, PiceSitc, 0, 0, 0, 0, 
47, PinuAlbi, 0, 0, 0, 0, 
47, PinuAtte, 0, 0, 0, 0, 
47, PinuCont, 0, 0, 0, 0, 
47, PinuJeff, 0, 0, 0, 0, 
47, PinuLamb, 0, 0, 0, 0, 
47, PinuMont, 0, 0, 0, 0, 
47, PinuPond, 0, 0, 0, 0, 
47, PseuMenz, 0, 0, 0, 0, 
47, QuerChry, 0, 0, 0, 0, 
47, QuerDoug, 0, 0, 0, 0, 
47, QuerKell, 0, 0, 0, 0, 
47, QuerGarr, 0, 0, 0, 0, 
47, SequSemp, 0, 0, 0, 0, 
47, TaxuBrev, 0, 0, 0, 0, 
47, TsugMert, 0, 0, 0, 0, 
48, AbieAmab, 0, 0, 0, 0, 
48, AbieGran, 0, 0, 0, 0, 
48, AbieMagn, 0, 0, 0, 0, 
48, AcerMacr, 0, 0, 0, 0, 
48, AlnuRhom, 0, 0, 0, 0, 
48, AlnuRubr, 0, 0, 0, 0, 
48, ArbuMenz, 0, 0, 0, 0, 
48, CaloDecu, 0, 0, 0, 0, 
48, ChamNoot, 0, 0, 0, 0, 
48, ChryChry, 0, 0, 0, 0, 
48, FX_R_SEED, 0, 0, 0, 0, 
48, LithDens, 0, 0, 0, 0, 
48, NOFX_R_SEED, 0, 0, 0, 0, 
48, NOFX_NOR_SEED, 0, 0, 0, 0, 
48, PiceBrew, 0, 0, 0, 0, 
48, PiceSitc, 0, 0, 0, 0, 
48, PinuAlbi, 0, 0, 0, 0, 
48, PinuAtte, 0, 0, 0, 0, 
48, PinuCont, 0, 0, 0, 0, 
48, PinuJeff, 0, 0, 0, 0, 
48, PinuLamb, 0, 0, 0, 0, 
48, PinuMont, 0, 0, 0, 0, 
48, PinuPond, 0, 0, 0, 0, 
48, PseuMenz, 0, 0, 0, 0, 
48, QuerChry, 0, 0, 0, 0, 
48, QuerDoug, 0, 0, 0, 0, 
48, QuerKell, 0, 0, 0, 0, 
48, QuerGarr, 0, 0, 0, 0, 
48, SequSemp, 0, 0, 0, 0, 
48, TaxuBrev, 0, 0, 0, 0, 
48, TsugMert, 0, 0, 0, 0, 
49, AbieAmab, 0, 0, 0, 0, 
49, AbieGran, 0, 0, 0, 0, 
49, AbieMagn, 0, 0, 0, 0, 
49, AcerMacr, 0, 0, 0, 0, 
49, AlnuRhom, 0, 0, 0, 0, 
49, AlnuRubr, 0, 0, 0, 0, 
49, ArbuMenz, 0, 0, 0, 0, 
49, CaloDecu, 0, 0, 0, 0, 
49, ChamNoot, 0, 0, 0, 0, 
49, ChryChry, 0, 0, 0, 0, 
49, FX_R_SEED, 0, 0, 0, 1, 
49, LithDens, 0, 0, 0, 0, 
49, NOFX_R_SEED, 0, 0, 0, 0, 
49, NOFX_NOR_SEED, 0, 0, 0, 0, 
49, PiceBrew, 0, 0, 0, 0, 
49, PiceSitc, 0, 0, 0, 0, 
49, PinuAlbi, 0, 0, 0, 0, 
49, PinuAtte, 0, 0, 0, 0, 
49, PinuCont, 0, 0, 0, 0, 
49, PinuJeff, 0, 0, 0, 0, 
49, PinuLamb, 0, 0, 0, 0, 
49, PinuMont, 0, 0, 0, 0, 
49, PinuPond, 0, 0, 0, 0, 
49, PseuMenz, 0, 0, 0, 0, 
49, QuerChry, 0, 0, 0, 0, 
49, QuerDoug, 0, 0, 0, 0, 
49, QuerKell, 0, 0, 0, 0, 
49, QuerGarr, 0, 0, 0, 0, 
49, SequSemp, 0, 0, 0, 0, 
49, TaxuBrev, 0, 0, 0, 0, 
49, TsugMert, 0, 0, 0, 0, 
50, AbieAmab, 0, 0, 0, 0, 
50, AbieGran, 0, 0, 0, 0, 
50, AbieMagn, 0, 0, 0, 0, 
50, AcerMacr, 0, 0, 0, 0, 
50, AlnuRhom, 0, 0, 0, 0, 
50, AlnuRubr, 0, 0, 0, 0, 
50, ArbuMenz, 0, 0, 0, 0, 
50, CaloDecu, 0, 0, 0, 0, 
50, ChamNoot, 0, 0, 0, 0, 
50, ChryChry, 0, 0, 0, 0, 
50, FX_R_SEED, 0, 0, 0, 0, 
50, LithDens, 0, 0, 0, 0, 
50, NOFX_R_SEED, 0, 0, 0, 0, 
50, NOFX_NOR_SEED, 0, 0, 0, 0, 
50, PiceBrew, 0, 0, 0, 0, 
50, PiceSitc, 0, 0, 0, 0, 
50, PinuAlbi, 0, 0, 0, 0, 
50, PinuAtte, 0, 0, 0, 0, 
50, PinuCont, 0, 0, 0, 0, 
50, PinuJeff, 0, 0, 0, 0, 
50, PinuLamb, 0, 0, 0, 0, 
50, PinuMont, 0, 0, 0, 0, 
50, PinuPond, 0, 0, 0, 0, 
50, PseuMenz, 0, 0, 0, 0, 
50, QuerChry, 0, 0, 0, 0, 
50, QuerDoug, 0, 0, 0, 0, 
50, QuerKell, 0, 0, 0, 0, 
50, QuerGarr, 0, 0, 0, 0, 
50, SequSemp, 0, 0, 0, 0, 
50, TaxuBrev, 0, 0, 0, 0, 
50, TsugMert, 0, 0, 0, 0, 
51, AbieAmab, 0, 0, 0, 0, 
51, AbieGran, 0, 0, 0, 0, 
51, AbieMagn, 0, 0, 0, 0, 
51, AcerMacr, 0, 0, 0, 0, 
51, AlnuRhom, 0, 0, 0, 0, 
51, AlnuRubr, 0, 0, 0, 0, 
51, ArbuMenz, 0, 0, 0, 0, 
51, CaloDecu, 0, 0, 0, 0, 
51, ChamNoot, 0, 0, 0, 0, 
51, ChryChry, 0, 0, 0, 0, 
51, FX_R_SEED, 0, 0, 0, 0, 
51, LithDens, 0, 0, 0, 0, 
51, NOFX_R_SEED, 0, 0, 0, 0, 
51, NOFX_NOR_SEED, 0, 0, 0, 0, 
51, PiceBrew, 0, 0, 0, 0, 
51, PiceSitc, 0, 0, 0, 0, 
51, PinuAlbi, 0, 0, 0, 0, 
51, PinuAtte, 0, 0, 0, 0, 
51, PinuCont, 0, 0, 0, 0, 
51, PinuJeff, 0, 0, 0, 0, 
51, PinuLamb, 0, 0, 0, 0, 
51, PinuMont, 0, 0, 0, 0, 
51, PinuPond, 0, 0, 0, 0, 
51, PseuMenz, 0, 0, 0, 0, 
51, QuerChry, 0, 0, 0, 0, 
51, QuerDoug, 0, 0, 0, 0, 
51, QuerKell, 0, 0, 0, 0, 
51, QuerGarr, 0, 0, 0, 0, 
51, SequSemp, 0, 0, 0, 0, 
51, TaxuBrev, 0, 0, 0, 0, 
51, TsugMert, 0, 0, 0, 0, 
52, AbieAmab, 0, 0, 0, 0, 
52, AbieGran, 0, 0, 0, 0, 
52, AbieMagn, 0, 0, 0, 0, 
52, AcerMacr, 0, 0, 0, 0, 
52, AlnuRhom, 0, 0, 0, 0, 
52, AlnuRubr, 0, 0, 0, 0, 
52, ArbuMenz, 0, 0, 0, 0, 
52, CaloDecu, 0, 0, 0, 0, 
52, ChamNoot, 0, 0, 0, 0, 
52, ChryChry, 0, 0, 0, 0, 
52, FX_R_SEED, 0, 0, 0, 0, 
52, LithDens, 0, 0, 0, 0, 
52, NOFX_R_SEED, 0, 0, 0, 0, 
52, NOFX_NOR_SEED, 0, 0, 0, 0, 
52, PiceBrew, 0, 0, 0, 0, 
52, PiceSitc, 0, 0, 0, 0, 
52, PinuAlbi, 0, 0, 0, 0, 
52, PinuAtte, 0, 0, 0, 0, 
52, PinuCont, 0, 0, 0, 0, 
52, PinuJeff, 0, 0, 0, 0, 
52, PinuLamb, 0, 0, 0, 0, 
52, PinuMont, 0, 0, 0, 0, 
52, PinuPond, 0, 0, 0, 0, 
52, PseuMenz, 0, 0, 0, 0, 
52, QuerChry, 0, 0, 0, 0, 
52, QuerDoug, 0, 0, 0, 0, 
52, QuerKell, 0, 0, 0, 0, 
52, QuerGarr, 0, 0, 0, 0, 
52, SequSemp, 0, 0, 0, 0, 
52, TaxuBrev, 0, 0, 0, 0, 
52, TsugMert, 0, 0, 0, 0, 
53, AbieAmab, 0, 0, 0, 0, 
53, AbieGran, 0, 0, 0, 0, 
53, AbieMagn, 0, 0, 0, 0, 
53, AcerMacr, 0, 0, 0, 0, 
53, AlnuRhom, 0, 0, 0, 0, 
53, AlnuRubr, 0, 0, 0, 0, 
53, ArbuMenz, 0, 0, 0, 0, 
53, CaloDecu, 0, 0, 0, 0, 
53, ChamNoot, 0, 0, 0, 0, 
53, ChryChry, 0, 0, 0, 0, 
53, FX_R_SEED, 0, 0, 0, 0, 
53, LithDens, 0, 0, 0, 0, 
53, NOFX_R_SEED, 0, 0, 0, 0, 
53, NOFX_NOR_SEED, 0, 0, 0, 0, 
53, PiceBrew, 0, 0, 0, 0, 
53, PiceSitc, 0, 0, 0, 0, 
53, PinuAlbi, 0, 0, 0, 0, 
53, PinuAtte, 0, 0, 0, 0, 
53, PinuCont, 0, 0, 0, 0, 
53, PinuJeff, 0, 0, 0, 0, 
53, PinuLamb, 0, 0, 0, 0, 
53, PinuMont, 0, 0, 0, 0, 
53, PinuPond, 0, 0, 0, 0, 
53, PseuMenz, 0, 0, 0, 0, 
53, QuerChry, 0, 0, 0, 0, 
53, QuerDoug, 0, 0, 0, 0, 
53, QuerKell, 0, 0, 0, 0, 
53, QuerGarr, 0, 0, 0, 0, 
53, SequSemp, 0, 0, 0, 0, 
53, TaxuBrev, 0, 0, 0, 0, 
53, TsugMert, 0, 0, 0, 0, 
54, AbieAmab, 0, 0, 0, 0, 
54, AbieGran, 0, 0, 0, 0, 
54, AbieMagn, 0, 0, 0, 0, 
54, AcerMacr, 0, 0, 0, 0, 
54, AlnuRhom, 0, 0, 0, 0, 
54, AlnuRubr, 0, 0, 0, 0, 
54, ArbuMenz, 0, 0, 0, 0, 
54, CaloDecu, 0, 0, 0, 0, 
54, ChamNoot, 0, 0, 0, 0, 
54, ChryChry, 0, 0, 0, 0, 
54, FX_R_SEED, 0, 0, 0, 0, 
54, LithDens, 0, 0, 0, 0, 
54, NOFX_R_SEED, 0, 0, 0, 0, 
54, NOFX_NOR_SEED, 0, 0, 0, 0, 
54, PiceBrew, 0, 0, 0, 0, 
54, PiceSitc, 0, 0, 0, 0, 
54, PinuAlbi, 0, 0, 0, 0, 
54, PinuAtte, 0, 0, 0, 0, 
54, PinuCont, 0, 0, 0, 0, 
54, PinuJeff, 0, 0, 0, 0, 
54, PinuLamb, 0, 0, 0, 0, 
54, PinuMont, 0, 0, 0, 0, 
54, PinuPond, 0, 0, 0, 0, 
54, PseuMenz, 0, 0, 0, 0, 
54, QuerChry, 0, 0, 0, 0, 
54, QuerDoug, 0, 0, 0, 0, 
54, QuerKell, 0, 0, 0, 0, 
54, QuerGarr, 0, 0, 0, 0, 
54, SequSemp, 0, 0, 0, 0, 
54, TaxuBrev, 0, 0, 0, 0, 
54, TsugMert, 0, 0, 0, 0, 
55, AbieAmab, 0, 0, 0, 0, 
55, AbieGran, 0, 0, 0, 0, 
55, AbieMagn, 0, 0, 0, 0, 
55, AcerMacr, 0, 0, 0, 0, 
55, AlnuRhom, 0, 0, 0, 0, 
55, AlnuRubr, 0, 0, 0, 0, 
55, ArbuMenz, 0, 0, 0, 0, 
55, CaloDecu, 0, 0, 0, 0, 
55, ChamNoot, 0, 0, 0, 0, 
55, ChryChry, 0, 0, 0, 0, 
55, FX_R_SEED, 0, 0, 0, 0, 
55, LithDens, 0, 0, 0, 0, 
55, NOFX_R_SEED, 0, 0, 0, 0, 
55, NOFX_NOR_SEED, 0, 0, 0, 0, 
55, PiceBrew, 0, 0, 0, 0, 
55, PiceSitc, 0, 0, 0, 0, 
55, PinuAlbi, 0, 0, 0, 0, 
55, PinuAtte, 0, 0, 0, 0, 
55, PinuCont, 0, 0, 0, 0, 
55, PinuJeff, 0, 0, 0, 0, 
55, PinuLamb, 0, 0, 0, 0, 
55, PinuMont, 0, 0, 0, 0, 
55, PinuPond, 0, 0, 0, 0, 
55, PseuMenz, 0, 0, 0, 0, 
55, QuerChry, 0, 0, 0, 0, 
55, QuerDoug, 0, 0, 0, 0, 
55, QuerKell, 0, 0, 0, 0, 
55, QuerGarr, 0, 0, 0, 0, 
55, SequSemp, 0, 0, 0, 0, 
55, TaxuBrev, 0, 0, 0, 0, 
55, TsugMert, 0, 0, 0, 0, 
56, AbieAmab, 0, 0, 0, 0, 
56, AbieGran, 0, 0, 0, 0, 
56, AbieMagn, 0, 0, 0, 0, 
56, AcerMacr, 0, 0, 0, 0, 
56, AlnuRhom, 0, 0, 0, 0, 
56, AlnuRubr, 0, 0, 0, 0, 
56, ArbuMenz, 0, 0, 0, 0, 
56, CaloDecu, 0, 0, 0, 0, 
56, ChamNoot, 0, 0, 0, 0, 
56, ChryChry, 0, 0, 0, 0, 
56, FX_R_SEED, 0, 0, 0, 0, 
56, LithDens, 0, 0, 0, 0, 
56, NOFX_R_SEED, 0, 0, 0, 1, 
56, NOFX_NOR_SEED, 0, 0, 0, 0, 
56, PiceBrew, 0, 0, 0, 0, 
56, PiceSitc, 0, 0, 0, 0, 
56, PinuAlbi, 0, 0, 0, 0, 
56, PinuAtte, 0, 0, 0, 0, 
56, PinuCont, 0, 0, 0, 0, 
56, PinuJeff, 0, 0, 0, 0, 
56, PinuLamb, 0, 0, 0, 0, 
56, PinuMont, 0, 0, 0, 0, 
56, PinuPond, 0, 0, 0, 0, 
56, PseuMenz, 0, 0, 0, 0, 
56, QuerChry, 0, 0, 0, 0, 
56, QuerDoug, 0, 0, 0, 0, 
56, QuerKell, 0, 0, 0, 0, 
56, QuerGarr, 0, 0, 0, 0, 
56, SequSemp, 0, 0, 0, 0, 
56, TaxuBrev, 0, 0, 0, 0, 
56, TsugMert, 0, 0, 0, 0, 
57, AbieAmab, 0, 0, 0, 0, 
57, AbieGran, 0, 0, 0, 0, 
57, AbieMagn, 0, 0, 0, 0, 
57, AcerMacr, 0, 0, 0, 0, 
57, AlnuRhom, 0, 0, 0, 0, 
57, AlnuRubr, 0, 0, 0, 0, 
57, ArbuMenz, 0, 0, 0, 0, 
57, CaloDecu, 0, 0, 0, 0, 
57, ChamNoot, 0, 0, 0, 0, 
57, ChryChry, 0, 0, 0, 0, 
57, FX_R_SEED, 0, 0, 0, 0, 
57, LithDens, 0, 0, 0, 0, 
57, NOFX_R_SEED, 0, 0, 0, 0, 
57, NOFX_NOR_SEED, 0, 0, 0, 0, 
57, PiceBrew, 0, 0, 0, 0, 
57, PiceSitc, 0, 0, 0, 0, 
57, PinuAlbi, 0, 0, 0, 0, 
57, PinuAtte, 0, 0, 0, 0, 
57, PinuCont, 0, 0, 0, 0, 
57, PinuJeff, 0, 0, 0, 0, 
57, PinuLamb, 0, 0, 0, 0, 
57, PinuMont, 0, 0, 0, 0, 
57, PinuPond, 0, 0, 0, 0, 
57, PseuMenz, 0, 0, 0, 0, 
57, QuerChry, 0, 0, 0, 0, 
57, QuerDoug, 0, 0, 0, 0, 
57, QuerKell, 0, 0, 0, 0, 
57, QuerGarr, 0, 0, 0, 0, 
57, SequSemp, 0, 0, 0, 0, 
57, TaxuBrev, 0, 0, 0, 0, 
57, TsugMert, 0, 0, 0, 0, 
58, AbieAmab, 0, 0, 0, 0, 
58, AbieGran, 0, 0, 0, 0, 
58, AbieMagn, 0, 0, 0, 0, 
58, AcerMacr, 0, 0, 0, 0, 
58, AlnuRhom, 0, 0, 0, 0, 
58, AlnuRubr, 0, 0, 0, 0, 
58, ArbuMenz, 0, 0, 0, 0, 
58, CaloDecu, 0, 0, 0, 0, 
58, ChamNoot, 0, 0, 0, 0, 
58, ChryChry, 0, 0, 0, 0, 
58, FX_R_SEED, 0, 0, 0, 0, 
58, LithDens, 0, 0, 0, 0, 
58, NOFX_R_SEED, 0, 0, 0, 0, 
58, NOFX_NOR_SEED, 0, 0, 0, 1, 
58, PiceBrew, 0, 0, 0, 0, 
58, PiceSitc, 0, 0, 0, 0, 
58, PinuAlbi, 0, 0, 0, 0, 
58, PinuAtte, 0, 0, 0, 0, 
58, PinuCont, 0, 0, 0, 0, 
58, PinuJeff, 0, 0, 0, 0, 
58, PinuLamb, 0, 0, 0, 0, 
58, PinuMont, 0, 0, 0, 0, 
58, PinuPond, 0, 0, 0, 0, 
58, PseuMenz, 0, 0, 0, 0, 
58, QuerChry, 0, 0, 0, 0, 
58, QuerDoug, 0, 0, 0, 0, 
58, QuerKell, 0, 0, 0, 0, 
58, QuerGarr, 0, 0, 0, 0, 
58, SequSemp, 0, 0, 0, 0, 
58, TaxuBrev, 0, 0, 0, 0, 
58, TsugMert, 0, 0, 0, 0, 
59, AbieAmab, 0, 0, 0, 0, 
59, AbieGran, 0, 0, 0, 0, 
59, AbieMagn, 0, 0, 0, 0, 
59, AcerMacr, 0, 0, 0, 0, 
59, AlnuRhom, 0, 0, 0, 0, 
59, AlnuRubr, 0, 0, 0, 0, 
59, ArbuMenz, 0, 0, 0, 0, 
59, CaloDecu, 0, 0, 0, 0, 
59, ChamNoot, 0, 0, 0, 0, 
59, ChryChry, 0, 0, 0, 0, 
59, FX_R_SEED, 0, 0, 0, 0, 
59, LithDens, 0, 0, 0, 0, 
59, NOFX_R_SEED, 0, 0, 0, 0, 
59, NOFX_NOR_SEED, 0, 0, 0, 0, 
59, PiceBrew, 0, 0, 0, 0, 
59, PiceSitc, 0, 0, 0, 0, 
59, PinuAlbi, 0, 0, 0, 0, 
59, PinuAtte, 0, 0, 0, 0, 
59, PinuCont, 0, 0, 0, 0, 
59, PinuJeff, 0, 0, 0, 0, 
59, PinuLamb, 0, 0, 0, 0, 
59, PinuMont, 0, 0, 0, 0, 
59, PinuPond, 0, 0, 0, 0, 
59, PseuMenz, 0, 0, 0, 0, 
59, QuerChry, 0, 0, 0, 0, 
59, QuerDoug, 0, 0, 0, 0, 
59, QuerKell, 0, 0, 0, 0, 
59, QuerGarr, 0, 0, 0, 0, 
59, SequSemp, 0, 0, 0, 0, 
59, TaxuBrev, 0, 0, 0, 0, 
59, TsugMert, 0, 0, 0, 0, 
60, AbieAmab, 0, 0, 0, 0, 
60, AbieGran, 0, 0, 0, 0, 
60, AbieMagn, 0, 0, 0, 0, 
60, AcerMacr, 0, 0, 0, 0, 
60, AlnuRhom, 0, 0, 0, 0, 
60, AlnuRubr, 0, 0, 0, 0, 
60, ArbuMenz, 0, 0, 0, 0, 
60, CaloDecu, 0, 0, 0, 0, 
60, ChamNoot, 0, 0, 0, 0, 
60, ChryChry, 0, 0, 0, 0, 
60, FX_R_SEED, 0, 0, 0, 0, 
60, LithDens, 0, 0, 0, 0, 
60, NOFX_R_SEED, 0, 0, 0, 1, 
60, NOFX_NOR_SEED, 0, 0, 0, 0, 
60, PiceBrew, 0, 0, 0, 0, 
60, PiceSitc, 0, 0, 0, 0, 
60, PinuAlbi, 0, 0, 0, 0, 
60, PinuAtte, 0, 0, 0, 0, 
60, PinuCont, 0, 0, 0, 0, 
60, PinuJeff, 0, 0, 0, 0, 
60, PinuLamb, 0, 0, 0, 0, 
60, PinuMont, 0, 0, 0, 0, 
60, PinuPond, 0, 0, 0, 0, 
60, PseuMenz, 0, 0, 0, 0, 
60, QuerChry, 0, 0, 0, 0, 
60, QuerDoug, 0, 0, 0, 0, 
60, QuerKell, 0, 0, 0, 0, 
60, QuerGarr, 0, 0, 0, 0, 
60, SequSemp, 0, 0, 0, 0, 
60, TaxuBrev, 0, 0, 0, 0, 
60, TsugMert, 0, 0, 0, 0, 
61, AbieAmab, 0, 0, 0, 0, 
61, AbieGran, 0, 0, 0, 0, 
61, AbieMagn, 0, 0, 0, 0, 
61, AcerMacr, 0, 0, 0, 0, 
61, AlnuRhom, 0, 0, 0, 0, 
61, AlnuRubr, 0, 0, 0, 0, 
61, ArbuMenz, 0, 0, 0, 0, 
61, CaloDecu, 0, 0, 0, 0, 
61, ChamNoot, 0, 0, 0, 0, 
61, ChryChry, 0, 0, 0, 0, 
61, FX_R_SEED, 0, 0, 0, 0, 
61, LithDens, 0, 0, 0, 0, 
61, NOFX_R_SEED, 0, 0, 0, 0, 
61, NOFX_NOR_SEED, 0, 0, 0, 1, 
61, PiceBrew, 0, 0, 0, 0, 
61, PiceSitc, 0, 0, 0, 0, 
61, PinuAlbi, 0, 0, 0, 0, 
61, PinuAtte, 0, 0, 0, 0, 
61, PinuCont, 0, 0, 0, 0, 
61, PinuJeff, 0, 0, 0, 0, 
61, PinuLamb, 0, 0, 0, 0, 
61, PinuMont, 0, 0, 0, 0, 
61, PinuPond, 0, 0, 0, 0, 
61, PseuMenz, 0, 0, 0, 0, 
61, QuerChry, 0, 0, 0, 0, 
61, QuerDoug, 0, 0, 0, 0, 
61, QuerKell, 0, 0, 0, 0, 
61, QuerGarr, 0, 0, 0, 0, 
61, SequSemp, 0, 0, 0, 0, 
61, TaxuBrev, 0, 0, 0, 0, 
61, TsugMert, 0, 0, 0, 0, 
62, AbieAmab, 0, 0, 0, 0, 
62, AbieGran, 0, 0, 0, 0, 
62, AbieMagn, 0, 0, 0, 0, 
62, AcerMacr, 0, 0, 0, 0, 
62, AlnuRhom, 0, 0, 0, 0, 
62, AlnuRubr, 0, 0, 0, 0, 
62, ArbuMenz, 0, 0, 0, 0, 
62, CaloDecu, 0, 0, 0, 0, 
62, ChamNoot, 0, 0, 0, 0, 
62, ChryChry, 0, 0, 0, 0, 
62, FX_R_SEED, 0, 0, 0, 0, 
62, LithDens, 0, 0, 0, 0, 
62, NOFX_R_SEED, 0, 0, 0, 1, 
62, NOFX_NOR_SEED, 0, 0, 0, 0, 
62, PiceBrew, 0, 0, 0, 0, 
62, PiceSitc, 0, 0, 0, 0, 
62, PinuAlbi, 0, 0, 0, 0, 
62, PinuAtte, 0, 0, 0, 0, 
62, PinuCont, 0, 0, 0, 0, 
62, PinuJeff, 0, 0, 0, 0, 
62, PinuLamb, 0, 0, 0, 0, 
62, PinuMont, 0, 0, 0, 0, 
62, PinuPond, 0, 0, 0, 0, 
62, PseuMenz, 0, 0, 0, 0, 
62, QuerChry, 0, 0, 0, 0, 
62, QuerDoug, 0, 0, 0, 0, 
62, QuerKell, 0, 0, 0, 0, 
62, QuerGarr, 0, 0, 0, 0, 
62, SequSemp, 0, 0, 0, 0, 
62, TaxuBrev, 0, 0, 0, 0, 
62, TsugMert, 0, 0, 0, 0, 
63, AbieAmab, 0, 0, 0, 0, 
63, AbieGran, 0, 0, 0, 0, 
63, AbieMagn, 0, 0, 0, 0, 
63, AcerMacr, 0, 0, 0, 0, 
63, AlnuRhom, 0, 0, 0, 0, 
63, AlnuRubr, 0, 0, 0, 0, 
63, ArbuMenz, 0, 0, 0, 0, 
63, CaloDecu, 0, 0, 0, 0, 
63, ChamNoot, 0, 0, 0, 0, 
63, ChryChry, 0, 0, 0, 0, 
63, FX_R_SEED, 0, 0, 0, 0, 
63, LithDens, 0, 0, 0, 0, 
63, NOFX_R_SEED, 0, 0, 0, 0, 
63, NOFX_NOR_SEED, 0, 0, 0, 0, 
63, PiceBrew, 0, 0, 0, 0, 
63, PiceSitc, 0, 0, 0, 0, 
63, PinuAlbi, 0, 0, 0, 0, 
63, PinuAtte, 0, 0, 0, 0, 
63, PinuCont, 0, 0, 0, 0, 
63, PinuJeff, 0, 0, 0, 0, 
63, PinuLamb, 0, 0, 0, 0, 
63, PinuMont, 0, 0, 0, 0, 
63, PinuPond, 0, 0, 0, 0, 
63, PseuMenz, 0, 0, 0, 0, 
63, QuerChry, 0, 0, 0, 0, 
63, QuerDoug, 0, 0, 0, 0, 
63, QuerKell, 0, 0, 0, 0, 
63, QuerGarr, 0, 0, 0, 0, 
63, SequSemp, 0, 0, 0, 0, 
63, TaxuBrev, 0, 0, 0, 0, 
63, TsugMert, 0, 0, 0, 0, 
64, AbieAmab, 0, 0, 0, 0, 
64, AbieGran, 0, 0, 0, 0, 
64, AbieMagn, 0, 0, 0, 0, 
64, AcerMacr, 0, 0, 0, 0, 
64, AlnuRhom, 0, 0, 0, 0, 
64, AlnuRubr, 0, 0, 0, 0, 
64, ArbuMenz, 0, 0, 0, 0, 
64, CaloDecu, 0, 0, 0, 0, 
64, ChamNoot, 0, 0, 0, 0, 
64, ChryChry, 0, 0, 0, 0, 
64, FX_R_SEED, 0, 0, 0, 0, 
64, LithDens, 0, 0, 0, 0, 
64, NOFX_R_SEED, 0, 0, 0, 0, 
64, NOFX_NOR_SEED, 0, 0, 0, 0, 
64, PiceBrew, 0, 0, 0, 0, 
64, PiceSitc, 0, 0, 0, 0, 
64, PinuAlbi, 0, 0, 0, 0, 
64, PinuAtte, 0, 0, 0, 0, 
64, PinuCont, 0, 0, 0, 0, 
64, PinuJeff, 0, 0, 0, 0, 
64, PinuLamb, 0, 0, 0, 0, 
64, PinuMont, 0, 0, 0, 0, 
64, PinuPond, 0, 0, 0, 0, 
64, PseuMenz, 0, 0, 0, 0, 
64, QuerChry, 0, 0, 0, 0, 
64, QuerDoug, 0, 0, 0, 0, 
64, QuerKell, 0, 0, 0, 0, 
64, QuerGarr, 0, 0, 0, 0, 
64, SequSemp, 0, 0, 0, 0, 
64, TaxuBrev, 0, 0, 0, 0, 
64, TsugMert, 0, 0, 0, 0, 
65, AbieAmab, 0, 0, 0, 0, 
65, AbieGran, 0, 0, 0, 0, 
65, AbieMagn, 0, 0, 0, 0, 
65, AcerMacr, 0, 0, 0, 0, 
65, AlnuRhom, 0, 0, 0, 0, 
65, AlnuRubr, 0, 0, 0, 0, 
65, ArbuMenz, 0, 0, 0, 0, 
65, CaloDecu, 0, 0, 0, 0, 
65, ChamNoot, 0, 0, 0, 0, 
65, ChryChry, 0, 0, 0, 0, 
65, FX_R_SEED, 0, 0, 0, 0, 
65, LithDens, 0, 0, 0, 0, 
65, NOFX_R_SEED, 0, 0, 0, 0, 
65, NOFX_NOR_SEED, 0, 0, 0, 0, 
65, PiceBrew, 0, 0, 0, 0, 
65, PiceSitc, 0, 0, 0, 0, 
65, PinuAlbi, 0, 0, 0, 0, 
65, PinuAtte, 0, 0, 0, 0, 
65, PinuCont, 0, 0, 0, 0, 
65, PinuJeff, 0, 0, 0, 0, 
65, PinuLamb, 0, 0, 0, 0, 
65, PinuMont, 0, 0, 0, 0, 
65, PinuPond, 0, 0, 0, 0, 
65, PseuMenz, 0, 0, 0, 0, 
65, QuerChry, 0, 0, 0, 0, 
65, QuerDoug, 0, 0, 0, 0, 
65, QuerKell, 0, 0, 0, 0, 
65, QuerGarr, 0, 0, 0, 0, 
65, SequSemp, 0, 0, 0, 0, 
65, TaxuBrev, 0, 0, 0, 0, 
65, TsugMert, 0, 0, 0, 0, 
66, AbieAmab, 0, 0, 0, 0, 
66, AbieGran, 0, 0, 0, 0, 
66, AbieMagn, 0, 0, 0, 0, 
66, AcerMacr, 0, 0, 0, 0, 
66, AlnuRhom, 0, 0, 0, 0, 
66, AlnuRubr, 0, 0, 0, 0, 
66, ArbuMenz, 0, 0, 0, 0, 
66, CaloDecu, 0, 0, 0, 0, 
66, ChamNoot, 0, 0, 0, 0, 
66, ChryChry, 0, 0, 0, 0, 
66, FX_R_SEED, 0, 0, 0, 0, 
66, LithDens, 0, 0, 0, 0, 
66, NOFX_R_SEED, 0, 0, 0, 0, 
66, NOFX_NOR_SEED, 0, 0, 0, 0, 
66, PiceBrew, 0, 0, 0, 0, 
66, PiceSitc, 0, 0, 0, 0, 
66, PinuAlbi, 0, 0, 0, 0, 
66, PinuAtte, 0, 0, 0, 0, 
66, PinuCont, 0, 0, 0, 0, 
66, PinuJeff, 0, 0, 0, 0, 
66, PinuLamb, 0, 0, 0, 0, 
66, PinuMont, 0, 0, 0, 0, 
66, PinuPond, 0, 0, 0, 0, 
66, PseuMenz, 0, 0, 0, 0, 
66, QuerChry, 0, 0, 0, 0, 
66, QuerDoug, 0, 0, 0, 0, 
66, QuerKell, 0, 0, 0, 0, 
66, QuerGarr, 0, 0, 0, 0, 
66, SequSemp, 0, 0, 0, 0, 
66, TaxuBrev, 0, 0, 0, 0, 
66, TsugMert, 0, 0, 0, 0, 
67, AbieAmab, 0, 0, 0, 0, 
67, AbieGran, 0, 0, 0, 0, 
67, AbieMagn, 0, 0, 0, 0, 
67, AcerMacr, 0, 0, 0, 0, 
67, AlnuRhom, 0, 0, 0, 0, 
67, AlnuRubr, 0, 0, 0, 0, 
67, ArbuMenz, 0, 0, 0, 0, 
67, CaloDecu, 0, 0, 0, 0, 
67, ChamNoot, 0, 0, 0, 0, 
67, ChryChry, 0, 0, 0, 0, 
67, FX_R_SEED, 0, 0, 0, 0, 
67, LithDens, 0, 0, 0, 0, 
67, NOFX_R_SEED, 0, 0, 0, 0, 
67, NOFX_NOR_SEED, 0, 0, 0, 0, 
67, PiceBrew, 0, 0, 0, 0, 
67, PiceSitc, 0, 0, 0, 0, 
67, PinuAlbi, 0, 0, 0, 0, 
67, PinuAtte, 0, 0, 0, 0, 
67, PinuCont, 0, 0, 0, 0, 
67, PinuJeff, 0, 0, 0, 0, 
67, PinuLamb, 0, 0, 0, 0, 
67, PinuMont, 0, 0, 0, 0, 
67, PinuPond, 0, 0, 0, 0, 
67, PseuMenz, 0, 0, 0, 0, 
67, QuerChry, 0, 0, 0, 0, 
67, QuerDoug, 0, 0, 0, 0, 
67, QuerKell, 0, 0, 0, 0, 
67, QuerGarr, 0, 0, 0, 0, 
67, SequSemp, 0, 0, 0, 0, 
67, TaxuBrev, 0, 0, 0, 0, 
67, TsugMert, 0, 0, 0, 0, 
68, AbieAmab, 0, 0, 0, 0, 
68, AbieGran, 0, 0, 0, 0, 
68, AbieMagn, 0, 0, 0, 0, 
68, AcerMacr, 0, 0, 0, 0, 
68, AlnuRhom, 0, 0, 0, 0, 
68, AlnuRubr, 0, 0, 0, 0, 
68, ArbuMenz, 0, 0, 0, 0, 
68, CaloDecu, 0, 0, 0, 0, 
68, ChamNoot, 0, 0, 0, 0, 
68, ChryChry, 0, 0, 0, 0, 
68, FX_R_SEED, 0, 0, 0, 0, 
68, LithDens, 0, 0, 0, 0, 
68, NOFX_R_SEED, 0, 0, 0, 0, 
68, NOFX_NOR_SEED, 0, 0, 0, 0, 
68, PiceBrew, 0, 0, 0, 0, 
68, PiceSitc, 0, 0, 0, 0, 
68, PinuAlbi, 0, 0, 0, 0, 
68, PinuAtte, 0, 0, 0, 0, 
68, PinuCont, 0, 0, 0, 0, 
68, PinuJeff, 0, 0, 0, 0, 
68, PinuLamb, 0, 0, 0, 0, 
68, PinuMont, 0, 0, 0, 0, 
68, PinuPond, 0, 0, 0, 0, 
68, PseuMenz, 0, 0, 0, 0, 
68, QuerChry, 0, 0, 0, 0, 
68, QuerDoug, 0, 0, 0, 0, 
68, QuerKell, 0, 0, 0, 0, 
68, QuerGarr, 0, 0, 0, 0, 
68, SequSemp, 0, 0, 0, 0, 
68, TaxuBrev, 0, 0, 0, 0, 
68, TsugMert, 0, 0, 0, 0, 
69, AbieAmab, 0, 0, 0, 0, 
69, AbieGran, 0, 0, 0, 0, 
69, AbieMagn, 0, 0, 0, 0, 
69, AcerMacr, 0, 0, 0, 0, 
69, AlnuRhom, 0, 0, 0, 0, 
69, AlnuRubr, 0, 0, 0, 0, 
69, ArbuMenz, 0, 0, 0, 0, 
69, CaloDecu, 0, 0, 0, 0, 
69, ChamNoot, 0, 0, 0, 0, 
69, ChryChry, 0, 0, 0, 0, 
69, FX_R_SEED, 0, 0, 0, 0, 
69, LithDens, 0, 0, 0, 0, 
69, NOFX_R_SEED, 0, 0, 0, 0, 
69, NOFX_NOR_SEED, 0, 0, 0, 0, 
69, PiceBrew, 0, 0, 0, 0, 
69, PiceSitc, 0, 0, 0, 0, 
69, PinuAlbi, 0, 0, 0, 0, 
69, PinuAtte, 0, 0, 0, 0, 
69, PinuCont, 0, 0, 0, 0, 
69, PinuJeff, 0, 0, 0, 0, 
69, PinuLamb, 0, 0, 0, 0, 
69, PinuMont, 0, 0, 0, 0, 
69, PinuPond, 0, 0, 0, 0, 
69, PseuMenz, 0, 0, 0, 0, 
69, QuerChry, 0, 0, 0, 0, 
69, QuerDoug, 0, 0, 0, 0, 
69, QuerKell, 0, 0, 0, 0, 
69, QuerGarr, 0, 0, 0, 0, 
69, SequSemp, 0, 0, 0, 0, 
69, TaxuBrev, 0, 0, 0, 0, 
69, TsugMert, 0, 0, 0, 0, 
70, AbieAmab, 0, 0, 0, 0, 
70, AbieGran, 0, 0, 0, 0, 
70, AbieMagn, 0, 0, 0, 0, 
70, AcerMacr, 0, 0, 0, 0, 
70, AlnuRhom, 0, 0, 0, 0, 
70, AlnuRubr, 0, 0, 0, 0, 
70, ArbuMenz, 0, 0, 0, 0, 
70, CaloDecu, 0, 0, 0, 0, 
70, ChamNoot, 0, 0, 0, 0, 
70, ChryChry, 0, 0, 0, 0, 
70, FX_R_SEED, 0, 0, 0, 0, 
70, LithDens, 0, 0, 0, 0, 
70, NOFX_R_SEED, 0, 0, 0, 0, 
70, NOFX_NOR_SEED, 0, 0, 0, 0, 
70, PiceBrew, 0, 0, 0, 0, 
70, PiceSitc, 0, 0, 0, 0, 
70, PinuAlbi, 0, 0, 0, 0, 
70, PinuAtte, 0, 0, 0, 0, 
70, PinuCont, 0, 0, 0, 0, 
70, PinuJeff, 0, 0, 0, 0, 
70, PinuLamb, 0, 0, 0, 0, 
70, PinuMont, 0, 0, 0, 0, 
70, PinuPond, 0, 0, 0, 0, 
70, PseuMenz, 0, 0, 0, 0, 
70, QuerChry, 0, 0, 0, 0, 
70, QuerDoug, 0, 0, 0, 0, 
70, QuerKell, 0, 0, 0, 0, 
70, QuerGarr, 0, 0, 0, 0, 
70, SequSemp, 0, 0, 0, 0, 
70, TaxuBrev, 0, 0, 0, 0, 
70, TsugMert, 0, 0, 0, 0, 
71, AbieAmab, 0, 0, 0, 0, 
71, AbieGran, 0, 0, 0, 0, 
71, AbieMagn, 0, 0, 0, 0, 
71, AcerMacr, 0, 0, 0, 0, 
71, AlnuRhom, 0, 0, 0, 0, 
71, AlnuRubr, 0, 0, 0, 0, 
71, ArbuMenz, 0, 0, 0, 0, 
71, CaloDecu, 0, 0, 0, 0, 
71, ChamNoot, 0, 0, 0, 0, 
71, ChryChry, 0, 0, 0, 0, 
71, FX_R_SEED, 0, 0, 0, 0, 
71, LithDens, 0, 0, 0, 0, 
71, NOFX_R_SEED, 0, 0, 0, 0, 
71, NOFX_NOR_SEED, 0, 0, 0, 0, 
71, PiceBrew, 0, 0, 0, 0, 
71, PiceSitc, 0, 0, 0, 0, 
71, PinuAlbi, 0, 0, 0, 0, 
71, PinuAtte, 0, 0, 0, 0, 
71, PinuCont, 0, 0, 0, 0, 
71, PinuJeff, 0, 0, 0, 0, 
71, PinuLamb, 0, 0, 0, 0, 
71, PinuMont, 0, 0, 0, 0, 
71, PinuPond, 0, 0, 0, 0, 
71, PseuMenz, 0, 0, 0, 0, 
71, QuerChry, 0, 0, 0, 0, 
71, QuerDoug, 0, 0, 0, 0, 
71, QuerKell, 0, 0, 0, 0, 
71, QuerGarr, 0, 0, 0, 0, 
71, SequSemp, 0, 0, 0, 0, 
71, TaxuBrev, 0, 0, 0, 0, 
71, TsugMert, 0, 0, 0, 0, 
72, AbieAmab, 0, 0, 0, 0, 
72, AbieGran, 0, 0, 0, 0, 
72, AbieMagn, 0, 0, 0, 0, 
72, AcerMacr, 0, 0, 0, 0, 
72, AlnuRhom, 0, 0, 0, 0, 
72, AlnuRubr, 0, 0, 0, 0, 
72, ArbuMenz, 0, 0, 0, 0, 
72, CaloDecu, 0, 0, 0, 0, 
72, ChamNoot, 0, 0, 0, 0, 
72, ChryChry, 0, 0, 0, 0, 
72, FX_R_SEED, 0, 0, 0, 0, 
72, LithDens, 0, 0, 0, 0, 
72, NOFX_R_SEED, 0, 0, 0, 0, 
72, NOFX_NOR_SEED, 0, 0, 0, 0, 
72, PiceBrew, 0, 0, 0, 0, 
72, PiceSitc, 0, 0, 0, 0, 
72, PinuAlbi, 0, 0, 0, 0, 
72, PinuAtte, 0, 0, 0, 0, 
72, PinuCont, 0, 0, 0, 0, 
72, PinuJeff, 0, 0, 0, 0, 
72, PinuLamb, 0, 0, 0, 0, 
72, PinuMont, 0, 0, 0, 0, 
72, PinuPond, 0, 0, 0, 0, 
72, PseuMenz, 0, 0, 0, 0, 
72, QuerChry, 0, 0, 0, 0, 
72, QuerDoug, 0, 0, 0, 0, 
72, QuerKell, 0, 0, 0, 0, 
72, QuerGarr, 0, 0, 0, 0, 
72, SequSemp, 0, 0, 0, 0, 
72, TaxuBrev, 0, 0, 0, 0, 
72, TsugMert, 0, 0, 0, 0, 
73, AbieAmab, 0, 0, 0, 0, 
73, AbieGran, 0, 0, 0, 0, 
73, AbieMagn, 0, 0, 0, 0, 
73, AcerMacr, 0, 0, 0, 0, 
73, AlnuRhom, 0, 0, 0, 0, 
73, AlnuRubr, 0, 0, 0, 0, 
73, ArbuMenz, 0, 0, 0, 0, 
73, CaloDecu, 0, 0, 0, 0, 
73, ChamNoot, 0, 0, 0, 0, 
73, ChryChry, 0, 0, 0, 0, 
73, FX_R_SEED, 0, 0, 0, 0, 
73, LithDens, 0, 0, 0, 0, 
73, NOFX_R_SEED, 0, 0, 0, 0, 
73, NOFX_NOR_SEED, 0, 0, 0, 0, 
73, PiceBrew, 0, 0, 0, 0, 
73, PiceSitc, 0, 0, 0, 0, 
73, PinuAlbi, 0, 0, 0, 0, 
73, PinuAtte, 0, 0, 0, 0, 
73, PinuCont, 0, 0, 0, 0, 
73, PinuJeff, 0, 0, 0, 0, 
73, PinuLamb, 0, 0, 0, 0, 
73, PinuMont, 0, 0, 0, 0, 
73, PinuPond, 0, 0, 0, 0, 
73, PseuMenz, 0, 0, 0, 0, 
73, QuerChry, 0, 0, 0, 0, 
73, QuerDoug, 0, 0, 0, 0, 
73, QuerKell, 0, 0, 0, 0, 
73, QuerGarr, 0, 0, 0, 0, 
73, SequSemp, 0, 0, 0, 0, 
73, TaxuBrev, 0, 0, 0, 0, 
73, TsugMert, 0, 0, 0, 0, 
74, AbieAmab, 0, 0, 0, 0, 
74, AbieGran, 0, 0, 0, 0, 
74, AbieMagn, 0, 0, 0, 0, 
74, AcerMacr, 0, 0, 0, 0, 
74, AlnuRhom, 0, 0, 0, 0, 
74, AlnuRubr, 0, 0, 0, 0, 
74, ArbuMenz, 0, 0, 0, 0, 
74, CaloDecu, 0, 0, 0, 0, 
74, ChamNoot, 0, 0, 0, 0, 
74, ChryChry, 0, 0, 0, 0, 
74, FX_R_SEED, 0, 0, 0, 0, 
74, LithDens, 0, 0, 0, 0, 
74, NOFX_R_SEED, 0, 0, 0, 0, 
74, NOFX_NOR_SEED, 0, 0, 0, 0, 
74, PiceBrew, 0, 0, 0, 0, 
74, PiceSitc, 0, 0, 0, 0, 
74, PinuAlbi, 0, 0, 0, 0, 
74, PinuAtte, 0, 0, 0, 0, 
74, PinuCont, 0, 0, 0, 0, 
74, PinuJeff, 0, 0, 0, 0, 
74, PinuLamb, 0, 0, 0, 0, 
74, PinuMont, 0, 0, 0, 0, 
74, PinuPond, 0, 0, 0, 0, 
74, PseuMenz, 0, 0, 0, 0, 
74, QuerChry, 0, 0, 0, 0, 
74, QuerDoug, 0, 0, 0, 0, 
74, QuerKell, 0, 0, 0, 0, 
74, QuerGarr, 0, 0, 0, 0, 
74, SequSemp, 0, 0, 0, 0, 
74, TaxuBrev, 0, 0, 0, 0, 
74, TsugMert, 0, 0, 0, 0, 
75, AbieAmab, 0, 0, 0, 0, 
75, AbieGran, 0, 0, 0, 0, 
75, AbieMagn, 0, 0, 0, 0, 
75, AcerMacr, 0, 0, 0, 0, 
75, AlnuRhom, 0, 0, 0, 0, 
75, AlnuRubr, 0, 0, 0, 0, 
75, ArbuMenz, 0, 0, 0, 0, 
75, CaloDecu, 0, 0, 0, 0, 
75, ChamNoot, 0, 0, 0, 0, 
75, ChryChry, 0, 0, 0, 0, 
75, FX_R_SEED, 0, 0, 0, 0, 
75, LithDens, 0, 0, 0, 0, 
75, NOFX_R_SEED, 0, 0, 0, 0, 
75, NOFX_NOR_SEED, 0, 0, 0, 0, 
75, PiceBrew, 0, 0, 0, 0, 
75, PiceSitc, 0, 0, 0, 0, 
75, PinuAlbi, 0, 0, 0, 0, 
75, PinuAtte, 0, 0, 0, 0, 
75, PinuCont, 0, 0, 0, 0, 
75, PinuJeff, 0, 0, 0, 0, 
75, PinuLamb, 0, 0, 0, 0, 
75, PinuMont, 0, 0, 0, 0, 
75, PinuPond, 0, 0, 0, 0, 
75, PseuMenz, 0, 0, 0, 0, 
75, QuerChry, 0, 0, 0, 0, 
75, QuerDoug, 0, 0, 0, 0, 
75, QuerKell, 0, 0, 0, 0, 
75, QuerGarr, 0, 0, 0, 0, 
75, SequSemp, 0, 0, 0, 0, 
75, TaxuBrev, 0, 0, 0, 0, 
75, TsugMert, 0, 0, 0, 0, 
76, AbieAmab, 0, 0, 0, 0, 
76, AbieGran, 0, 0, 0, 0, 
76, AbieMagn, 0, 0, 0, 0, 
76, AcerMacr, 0, 0, 0, 0, 
76, AlnuRhom, 0, 0, 0, 0, 
76, AlnuRubr, 0, 0, 0, 0, 
76, ArbuMenz, 0, 0, 0, 0, 
76, CaloDecu, 0, 0, 0, 0, 
76, ChamNoot, 0, 0, 0, 0, 
76, ChryChry, 0, 0, 0, 0, 
76, FX_R_SEED, 0, 0, 0, 0, 
76, LithDens, 0, 0, 0, 0, 
76, NOFX_R_SEED, 0, 0, 0, 0, 
76, NOFX_NOR_SEED, 0, 0, 0, 0, 
76, PiceBrew, 0, 0, 0, 0, 
76, PiceSitc, 0, 0, 0, 0, 
76, PinuAlbi, 0, 0, 0, 0, 
76, PinuAtte, 0, 0, 0, 0, 
76, PinuCont, 0, 0, 0, 0, 
76, PinuJeff, 0, 0, 0, 0, 
76, PinuLamb, 0, 0, 0, 0, 
76, PinuMont, 0, 0, 0, 0, 
76, PinuPond, 0, 0, 0, 0, 
76, PseuMenz, 0, 0, 0, 0, 
76, QuerChry, 0, 0, 0, 0, 
76, QuerDoug, 0, 0, 0, 0, 
76, QuerKell, 0, 0, 0, 0, 
76, QuerGarr, 0, 0, 0, 0, 
76, SequSemp, 0, 0, 0, 0, 
76, TaxuBrev, 0, 0, 0, 0, 
76, TsugMert, 0, 0, 0, 0, 
77, AbieAmab, 0, 0, 0, 0, 
77, AbieGran, 0, 0, 0, 0, 
77, AbieMagn, 0, 0, 0, 0, 
77, AcerMacr, 0, 0, 0, 0, 
77, AlnuRhom, 0, 0, 0, 0, 
77, AlnuRubr, 0, 0, 0, 0, 
77, ArbuMenz, 0, 0, 0, 0, 
77, CaloDecu, 0, 0, 0, 0, 
77, ChamNoot, 0, 0, 0, 0, 
77, ChryChry, 0, 0, 0, 0, 
77, FX_R_SEED, 0, 0, 0, 0, 
77, LithDens, 0, 0, 0, 0, 
77, NOFX_R_SEED, 0, 0, 0, 0, 
77, NOFX_NOR_SEED, 0, 0, 0, 0, 
77, PiceBrew, 0, 0, 0, 0, 
77, PiceSitc, 0, 0, 0, 0, 
77, PinuAlbi, 0, 0, 0, 0, 
77, PinuAtte, 0, 0, 0, 0, 
77, PinuCont, 0, 0, 0, 0, 
77, PinuJeff, 0, 0, 0, 0, 
77, PinuLamb, 0, 0, 0, 0, 
77, PinuMont, 0, 0, 0, 0, 
77, PinuPond, 0, 0, 0, 0, 
77, PseuMenz, 0, 0, 0, 0, 
77, QuerChry, 0, 0, 0, 0, 
77, QuerDoug, 0, 0, 0, 0, 
77, QuerKell, 0, 0, 0, 0, 
77, QuerGarr, 0, 0, 0, 0, 
77, SequSemp, 0, 0, 0, 0, 
77, TaxuBrev, 0, 0, 0, 0, 
77, TsugMert, 0, 0, 0, 0, 
78, AbieAmab, 0, 0, 0, 0, 
78, AbieGran, 0, 0, 0, 0, 
78, AbieMagn, 0, 0, 0, 0, 
78, AcerMacr, 0, 0, 0, 0, 
78, AlnuRhom, 0, 0, 0, 0, 
78, AlnuRubr, 0, 0, 0, 0, 
78, ArbuMenz, 0, 0, 0, 0, 
78, CaloDecu, 0, 0, 0, 0, 
78, ChamNoot, 0, 0, 0, 0, 
78, ChryChry, 0, 0, 0, 0, 
78, FX_R_SEED, 0, 0, 0, 0, 
78, LithDens, 0, 0, 0, 0, 
78, NOFX_R_SEED, 0, 0, 0, 0, 
78, NOFX_NOR_SEED, 0, 0, 0, 0, 
78, PiceBrew, 0, 0, 0, 0, 
78, PiceSitc, 0, 0, 0, 0, 
78, PinuAlbi, 0, 0, 0, 0, 
78, PinuAtte, 0, 0, 0, 0, 
78, PinuCont, 0, 0, 0, 0, 
78, PinuJeff, 0, 0, 0, 0, 
78, PinuLamb, 0, 0, 0, 0, 
78, PinuMont, 0, 0, 0, 0, 
78, PinuPond, 0, 0, 0, 0, 
78, PseuMenz, 0, 0, 0, 0, 
78, QuerChry, 0, 0, 0, 0, 
78, QuerDoug, 0, 0, 0, 0, 
78, QuerKell, 0, 0, 0, 0, 
78, QuerGarr, 0, 0, 0, 0, 
78, SequSemp, 0, 0, 0, 0, 
78, TaxuBrev, 0, 0, 0, 0, 
78, TsugMert, 0, 0, 0, 0, 
79, AbieAmab, 0, 0, 0, 0, 
79, AbieGran, 0, 0, 0, 0, 
79, AbieMagn, 0, 0, 0, 0, 
79, AcerMacr, 0, 0, 0, 0, 
79, AlnuRhom, 0, 0, 0, 0, 
79, AlnuRubr, 0, 0, 0, 0, 
79, ArbuMenz, 0, 0, 0, 0, 
79, CaloDecu, 0, 0, 0, 0, 
79, ChamNoot, 0, 0, 0, 0, 
79, ChryChry, 0, 0, 0, 0, 
79, FX_R_SEED, 0, 0, 0, 0, 
79, LithDens, 0, 0, 0, 0, 
79, NOFX_R_SEED, 0, 0, 0, 0, 
79, NOFX_NOR_SEED, 0, 0, 0, 0, 
79, PiceBrew, 0, 0, 0, 0, 
79, PiceSitc, 0, 0, 0, 0, 
79, PinuAlbi, 0, 0, 0, 0, 
79, PinuAtte, 0, 0, 0, 0, 
79, PinuCont, 0, 0, 0, 0, 
79, PinuJeff, 0, 0, 0, 0, 
79, PinuLamb, 0, 0, 0, 0, 
79, PinuMont, 0, 0, 0, 0, 
79, PinuPond, 0, 0, 0, 0, 
79, PseuMenz, 0, 0, 0, 0, 
79, QuerChry, 0, 0, 0, 0, 
79, QuerDoug, 0, 0, 0, 0, 
79, QuerKell, 0, 0, 0, 0, 
79, QuerGarr, 0, 0, 0, 0, 
79, SequSemp, 0, 0, 0, 0, 
79, TaxuBrev, 0, 0, 0, 0, 
79, TsugMert, 0, 0, 0, 0, 
80, AbieAmab, 0, 0, 0, 0, 
80, AbieGran, 0, 0, 0, 0, 
80, AbieMagn, 0, 0, 0, 0, 
80, AcerMacr, 0, 0, 0, 0, 
80, AlnuRhom, 0, 0, 0, 0, 
80, AlnuRubr, 0, 0, 0, 0, 
80, ArbuMenz, 0, 0, 0, 0, 
80, CaloDecu, 0, 0, 0, 0, 
80, ChamNoot, 0, 0, 0, 0, 
80, ChryChry, 0, 0, 0, 0, 
80, FX_R_SEED, 0, 0, 0, 0, 
80, LithDens, 0, 0, 0, 0, 
80, NOFX_R_SEED, 0, 0, 0, 0, 
80, NOFX_NOR_SEED, 0, 0, 0, 0, 
80, PiceBrew, 0, 0, 0, 0, 
80, PiceSitc, 0, 0, 0, 0, 
80, PinuAlbi, 0, 0, 0, 0, 
80, PinuAtte, 0, 0, 0, 0, 
80, PinuCont, 0, 0, 0, 0, 
80, PinuJeff, 0, 0, 0, 0, 
80, PinuLamb, 0, 0, 0, 0, 
80, PinuMont, 0, 0, 0, 0, 
80, PinuPond, 0, 0, 0, 0, 
80, PseuMenz, 0, 0, 0, 0, 
80, QuerChry, 0, 0, 0, 0, 
80, QuerDoug, 0, 0, 0, 0, 
80, QuerKell, 0, 0, 0, 0, 
80, QuerGarr, 0, 0, 0, 0, 
80, SequSemp, 0, 0, 0, 0, 
80, TaxuBrev, 0, 0, 0, 0, 
80, TsugMert, 0, 0, 0, 0, 
81, AbieAmab, 0, 0, 0, 0, 
81, AbieGran, 0, 0, 0, 0, 
81, AbieMagn, 0, 0, 0, 0, 
81, AcerMacr, 0, 0, 0, 0, 
81, AlnuRhom, 0, 0, 0, 0, 
81, AlnuRubr, 0, 0, 0, 0, 
81, ArbuMenz, 0, 0, 0, 0, 
81, CaloDecu, 0, 0, 0, 0, 
81, ChamNoot, 0, 0, 0, 0, 
81, ChryChry, 0, 0, 0, 0, 
81, FX_R_SEED, 0, 0, 0, 0, 
81, LithDens, 0, 0, 0, 0, 
81, NOFX_R_SEED, 0, 0, 0, 0, 
81, NOFX_NOR_SEED, 0, 0, 0, 0, 
81, PiceBrew, 0, 0, 0, 0, 
81, PiceSitc, 0, 0, 0, 0, 
81, PinuAlbi, 0, 0, 0, 0, 
81, PinuAtte, 0, 0, 0, 0, 
81, PinuCont, 0, 0, 0, 0, 
81, PinuJeff, 0, 0, 0, 0, 
81, PinuLamb, 0, 0, 0, 0, 
81, PinuMont, 0, 0, 0, 0, 
81, PinuPond, 0, 0, 0, 0, 
81, PseuMenz, 0, 0, 0, 0, 
81, QuerChry, 0, 0, 0, 0, 
81, QuerDoug, 0, 0, 0, 0, 
81, QuerKell, 0, 0, 0, 0, 
81, QuerGarr, 0, 0, 0, 0, 
81, SequSemp, 0, 0, 0, 0, 
81, TaxuBrev, 0, 0, 0, 0, 
81, TsugMert, 0, 0, 0, 0, 
82, AbieAmab, 0, 0, 0, 0, 
82, AbieGran, 0, 0, 0, 0, 
82, AbieMagn, 0, 0, 0, 0, 
82, AcerMacr, 0, 0, 0, 0, 
82, AlnuRhom, 0, 0, 0, 0, 
82, AlnuRubr, 0, 0, 0, 0, 
82, ArbuMenz, 0, 0, 0, 0, 
82, CaloDecu, 0, 0, 0, 0, 
82, ChamNoot, 0, 0, 0, 0, 
82, ChryChry, 0, 0, 0, 0, 
82, FX_R_SEED, 0, 0, 0, 0, 
82, LithDens, 0, 0, 0, 0, 
82, NOFX_R_SEED, 0, 0, 0, 0, 
82, NOFX_NOR_SEED, 0, 0, 0, 0, 
82, PiceBrew, 0, 0, 0, 0, 
82, PiceSitc, 0, 0, 0, 0, 
82, PinuAlbi, 0, 0, 0, 0, 
82, PinuAtte, 0, 0, 0, 0, 
82, PinuCont, 0, 0, 0, 0, 
82, PinuJeff, 0, 0, 0, 0, 
82, PinuLamb, 0, 0, 0, 0, 
82, PinuMont, 0, 0, 0, 0, 
82, PinuPond, 0, 0, 0, 0, 
82, PseuMenz, 0, 0, 0, 0, 
82, QuerChry, 0, 0, 0, 0, 
82, QuerDoug, 0, 0, 0, 0, 
82, QuerKell, 0, 0, 0, 0, 
82, QuerGarr, 0, 0, 0, 0, 
82, SequSemp, 0, 0, 0, 0, 
82, TaxuBrev, 0, 0, 0, 0, 
82, TsugMert, 0, 0, 0, 0, 
83, AbieAmab, 0, 0, 0, 0, 
83, AbieGran, 0, 0, 0, 0, 
83, AbieMagn, 0, 0, 0, 0, 
83, AcerMacr, 0, 0, 0, 0, 
83, AlnuRhom, 0, 0, 0, 0, 
83, AlnuRubr, 0, 0, 0, 0, 
83, ArbuMenz, 0, 0, 0, 0, 
83, CaloDecu, 0, 0, 0, 0, 
83, ChamNoot, 0, 0, 0, 0, 
83, ChryChry, 0, 0, 0, 0, 
83, FX_R_SEED, 0, 0, 0, 0, 
83, LithDens, 0, 0, 0, 0, 
83, NOFX_R_SEED, 0, 0, 0, 0, 
83, NOFX_NOR_SEED, 0, 0, 0, 0, 
83, PiceBrew, 0, 0, 0, 0, 
83, PiceSitc, 0, 0, 0, 0, 
83, PinuAlbi, 0, 0, 0, 0, 
83, PinuAtte, 0, 0, 0, 0, 
83, PinuCont, 0, 0, 0, 0, 
83, PinuJeff, 0, 0, 0, 0, 
83, PinuLamb, 0, 0, 0, 0, 
83, PinuMont, 0, 0, 0, 0, 
83, PinuPond, 0, 0, 0, 0, 
83, PseuMenz, 0, 0, 0, 0, 
83, QuerChry, 0, 0, 0, 0, 
83, QuerDoug, 0, 0, 0, 0, 
83, QuerKell, 0, 0, 0, 0, 
83, QuerGarr, 0, 0, 0, 0, 
83, SequSemp, 0, 0, 0, 0, 
83, TaxuBrev, 0, 0, 0, 0, 
83, TsugMert, 0, 0, 0, 0, 
84, AbieAmab, 0, 0, 0, 0, 
84, AbieGran, 0, 0, 0, 0, 
84, AbieMagn, 0, 0, 0, 0, 
84, AcerMacr, 0, 0, 0, 0, 
84, AlnuRhom, 0, 0, 0, 0, 
84, AlnuRubr, 0, 0, 0, 0, 
84, ArbuMenz, 0, 0, 0, 0, 
84, CaloDecu, 0, 0, 0, 0, 
84, ChamNoot, 0, 0, 0, 0, 
84, ChryChry, 0, 0, 0, 0, 
84, FX_R_SEED, 0, 0, 0, 0, 
84, LithDens, 0, 0, 0, 0, 
84, NOFX_R_SEED, 0, 0, 0, 0, 
84, NOFX_NOR_SEED, 0, 0, 0, 0, 
84, PiceBrew, 0, 0, 0, 0, 
84, PiceSitc, 0, 0, 0, 0, 
84, PinuAlbi, 0, 0, 0, 0, 
84, PinuAtte, 0, 0, 0, 0, 
84, PinuCont, 0, 0, 0, 0, 
84, PinuJeff, 0, 0, 0, 0, 
84, PinuLamb, 0, 0, 0, 0, 
84, PinuMont, 0, 0, 0, 0, 
84, PinuPond, 0, 0, 0, 0, 
84, PseuMenz, 0, 0, 0, 0, 
84, QuerChry, 0, 0, 0, 0, 
84, QuerDoug, 0, 0, 0, 0, 
84, QuerKell, 0, 0, 0, 0, 
84, QuerGarr, 0, 0, 0, 0, 
84, SequSemp, 0, 0, 0, 0, 
84, TaxuBrev, 0, 0, 0, 0, 
84, TsugMert, 0, 0, 0, 0, 
85, AbieAmab, 0, 0, 0, 0, 
85, AbieGran, 0, 0, 0, 0, 
85, AbieMagn, 0, 0, 0, 0, 
85, AcerMacr, 0, 0, 0, 0, 
85, AlnuRhom, 0, 0, 0, 0, 
85, AlnuRubr, 0, 0, 0, 0, 
85, ArbuMenz, 0, 0, 0, 0, 
85, CaloDecu, 0, 0, 0, 0, 
85, ChamNoot, 0, 0, 0, 0, 
85, ChryChry, 0, 0, 0, 0, 
85, FX_R_SEED, 0, 0, 0, 0, 
85, LithDens, 0, 0, 0, 0, 
85, NOFX_R_SEED, 0, 0, 0, 0, 
85, NOFX_NOR_SEED, 0, 0, 0, 0, 
85, PiceBrew, 0, 0, 0, 0, 
85, PiceSitc, 0, 0, 0, 0, 
85, PinuAlbi, 0, 0, 0, 0, 
85, PinuAtte, 0, 0, 0, 0, 
85, PinuCont, 0, 0, 0, 0, 
85, PinuJeff, 0, 0, 0, 0, 
85, PinuLamb, 0, 0, 0, 0, 
85, PinuMont, 0, 0, 0, 0, 
85, PinuPond, 0, 0, 0, 0, 
85, PseuMenz, 0, 0, 0, 0, 
85, QuerChry, 0, 0, 0, 0, 
85, QuerDoug, 0, 0, 0, 0, 
85, QuerKell, 0, 0, 0, 0, 
85, QuerGarr, 0, 0, 0, 0, 
85, SequSemp, 0, 0, 0, 0, 
85, TaxuBrev, 0, 0, 0, 0, 
85, TsugMert, 0, 0, 0, 0, 
86, AbieAmab, 0, 0, 0, 0, 
86, AbieGran, 0, 0, 0, 0, 
86, AbieMagn, 0, 0, 0, 0, 
86, AcerMacr, 0, 0, 0, 0, 
86, AlnuRhom, 0, 0, 0, 0, 
86, AlnuRubr, 0, 0, 0, 0, 
86, ArbuMenz, 0, 0, 0, 0, 
86, CaloDecu, 0, 0, 0, 0, 
86, ChamNoot, 0, 0, 0, 0, 
86, ChryChry, 0, 0, 0, 0, 
86, FX_R_SEED, 0, 0, 0, 0, 
86, LithDens, 0, 0, 0, 0, 
86, NOFX_R_SEED, 0, 0, 0, 0, 
86, NOFX_NOR_SEED, 0, 0, 0, 0, 
86, PiceBrew, 0, 0, 0, 0, 
86, PiceSitc, 0, 0, 0, 0, 
86, PinuAlbi, 0, 0, 0, 0, 
86, PinuAtte, 0, 0, 0, 0, 
86, PinuCont, 0, 0, 0, 0, 
86, PinuJeff, 0, 0, 0, 0, 
86, PinuLamb, 0, 0, 0, 0, 
86, PinuMont, 0, 0, 0, 0, 
86, PinuPond, 0, 0, 0, 0, 
86, PseuMenz, 0, 0, 0, 0, 
86, QuerChry, 0, 0, 0, 0, 
86, QuerDoug, 0, 0, 0, 0, 
86, QuerKell, 0, 0, 0, 0, 
86, QuerGarr, 0, 0, 0, 0, 
86, SequSemp, 0, 0, 0, 0, 
86, TaxuBrev, 0, 0, 0, 0, 
86, TsugMert, 0, 0, 0, 0, 
87, AbieAmab, 0, 0, 0, 0, 
87, AbieGran, 0, 0, 0, 0, 
87, AbieMagn, 0, 0, 0, 0, 
87, AcerMacr, 0, 0, 0, 0, 
87, AlnuRhom, 0, 0, 0, 0, 
87, AlnuRubr, 0, 0, 0, 0, 
87, ArbuMenz, 0, 0, 0, 0, 
87, CaloDecu, 0, 0, 0, 0, 
87, ChamNoot, 0, 0, 0, 0, 
87, ChryChry, 0, 0, 0, 0, 
87, FX_R_SEED, 0, 0, 0, 0, 
87, LithDens, 0, 0, 0, 0, 
87, NOFX_R_SEED, 0, 0, 0, 0, 
87, NOFX_NOR_SEED, 0, 0, 0, 0, 
87, PiceBrew, 0, 0, 0, 0, 
87, PiceSitc, 0, 0, 0, 0, 
87, PinuAlbi, 0, 0, 0, 0, 
87, PinuAtte, 0, 0, 0, 0, 
87, PinuCont, 0, 0, 0, 0, 
87, PinuJeff, 0, 0, 0, 0, 
87, PinuLamb, 0, 0, 0, 0, 
87, PinuMont, 0, 0, 0, 0, 
87, PinuPond, 0, 0, 0, 0, 
87, PseuMenz, 0, 0, 0, 0, 
87, QuerChry, 0, 0, 0, 0, 
87, QuerDoug, 0, 0, 0, 0, 
87, QuerKell, 0, 0, 0, 0, 
87, QuerGarr, 0, 0, 0, 0, 
87, SequSemp, 0, 0, 0, 0, 
87, TaxuBrev, 0, 0, 0, 0, 
87, TsugMert, 0, 0, 0, 0, 
88, AbieAmab, 0, 0, 0, 0, 
88, AbieGran, 0, 0, 0, 0, 
88, AbieMagn, 0, 0, 0, 0, 
88, AcerMacr, 0, 0, 0, 0, 
88, AlnuRhom, 0, 0, 0, 0, 
88, AlnuRubr, 0, 0, 0, 0, 
88, ArbuMenz, 0, 0, 0, 0, 
88, CaloDecu, 0, 0, 0, 0, 
88, ChamNoot, 0, 0, 0, 0, 
88, ChryChry, 0, 0, 0, 0, 
88, FX_R_SEED, 0, 0, 0, 0, 
88, LithDens, 0, 0, 0, 0, 
88, NOFX_R_SEED, 0, 0, 0, 0, 
88, NOFX_NOR_SEED, 0, 0, 0, 0, 
88, PiceBrew, 0, 0, 0, 0, 
88, PiceSitc, 0, 0, 0, 0, 
88, PinuAlbi, 0, 0, 0, 0, 
88, PinuAtte, 0, 0, 0, 0, 
88, PinuCont, 0, 0, 0, 0, 
88, PinuJeff, 0, 0, 0, 0, 
88, PinuLamb, 0, 0, 0, 0, 
88, PinuMont, 0, 0, 0, 0, 
88, PinuPond, 0, 0, 0, 0, 
88, PseuMenz, 0, 0, 0, 0, 
88, QuerChry, 0, 0, 0, 0, 
88, QuerDoug, 0, 0, 0, 0, 
88, QuerKell, 0, 0, 0, 0, 
88, QuerGarr, 0, 0, 0, 0, 
88, SequSemp, 0, 0, 0, 0, 
88, TaxuBrev, 0, 0, 0, 0, 
88, TsugMert, 0, 0, 0, 0, 
89, AbieAmab, 0, 0, 0, 0, 
89, AbieGran, 0, 0, 0, 0, 
89, AbieMagn, 0, 0, 0, 0, 
89, AcerMacr, 0, 0, 0, 0, 
89, AlnuRhom, 0, 0, 0, 0, 
89, AlnuRubr, 0, 0, 0, 0, 
89, ArbuMenz, 0, 0, 0, 0, 
89, CaloDecu, 0, 0, 0, 0, 
89, ChamNoot, 0, 0, 0, 0, 
89, ChryChry, 0, 0, 0, 0, 
89, FX_R_SEED, 0, 0, 0, 0, 
89, LithDens, 0, 0, 0, 0, 
89, NOFX_R_SEED, 0, 0, 0, 0, 
89, NOFX_NOR_SEED, 0, 0, 0, 0, 
89, PiceBrew, 0, 0, 0, 0, 
89, PiceSitc, 0, 0, 0, 0, 
89, PinuAlbi, 0, 0, 0, 0, 
89, PinuAtte, 0, 0, 0, 0, 
89, PinuCont, 0, 0, 0, 0, 
89, PinuJeff, 0, 0, 0, 0, 
89, PinuLamb, 0, 0, 0, 0, 
89, PinuMont, 0, 0, 0, 0, 
89, PinuPond, 0, 0, 0, 0, 
89, PseuMenz, 0, 0, 0, 0, 
89, QuerChry, 0, 0, 0, 0, 
89, QuerDoug, 0, 0, 0, 0, 
89, QuerKell, 0, 0, 0, 0, 
89, QuerGarr, 0, 0, 0, 0, 
89, SequSemp, 0, 0, 0, 0, 
89, TaxuBrev, 0, 0, 0, 0, 
89, TsugMert, 0, 0, 0, 0, 
90, AbieAmab, 0, 0, 0, 0, 
90, AbieGran, 0, 0, 0, 0, 
90, AbieMagn, 0, 0, 0, 0, 
90, AcerMacr, 0, 0, 0, 0, 
90, AlnuRhom, 0, 0, 0, 0, 
90, AlnuRubr, 0, 0, 0, 0, 
90, ArbuMenz, 0, 0, 0, 0, 
90, CaloDecu, 0, 0, 0, 0, 
90, ChamNoot, 0, 0, 0, 0, 
90, ChryChry, 0, 0, 0, 0, 
90, FX_R_SEED, 0, 0, 0, 0, 
90, LithDens, 0, 0, 0, 0, 
90, NOFX_R_SEED, 0, 0, 0, 0, 
90, NOFX_NOR_SEED, 0, 0, 0, 0, 
90, PiceBrew, 0, 0, 0, 0, 
90, PiceSitc, 0, 0, 0, 0, 
90, PinuAlbi, 0, 0, 0, 0, 
90, PinuAtte, 0, 0, 0, 0, 
90, PinuCont, 0, 0, 0, 0, 
90, PinuJeff, 0, 0, 0, 0, 
90, PinuLamb, 0, 0, 0, 0, 
90, PinuMont, 0, 0, 0, 0, 
90, PinuPond, 0, 0, 0, 0, 
90, PseuMenz, 0, 0, 0, 0, 
90, QuerChry, 0, 0, 0, 0, 
90, QuerDoug, 0, 0, 0, 0, 
90, QuerKell, 0, 0, 0, 0, 
90, QuerGarr, 0, 0, 0, 0, 
90, SequSemp, 0, 0, 0, 0, 
90, TaxuBrev, 0, 0, 0, 0, 
90, TsugMert, 0, 0, 0, 0, 
91, AbieAmab, 0, 0, 0, 0, 
91, AbieGran, 0, 0, 0, 0, 
91, AbieMagn, 0, 0, 0, 0, 
91, AcerMacr, 0, 0, 0, 0, 
91, AlnuRhom, 0, 0, 0, 0, 
91, AlnuRubr, 0, 0, 0, 0, 
91, ArbuMenz, 0, 0, 0, 0, 
91, CaloDecu, 0, 0, 0, 0, 
91, ChamNoot, 0, 0, 0, 0, 
91, ChryChry, 0, 0, 0, 0, 
91, FX_R_SEED, 0, 0, 0, 1, 
91, LithDens, 0, 0, 0, 0, 
91, NOFX_R_SEED, 0, 0, 0, 0, 
91, NOFX_NOR_SEED, 0, 0, 0, 0, 
91, PiceBrew, 0, 0, 0, 0, 
91, PiceSitc, 0, 0, 0, 0, 
91, PinuAlbi, 0, 0, 0, 0, 
91, PinuAtte, 0, 0, 0, 0, 
91, PinuCont, 0, 0, 0, 0, 
91, PinuJeff, 0, 0, 0, 0, 
91, PinuLamb, 0, 0, 0, 0, 
91, PinuMont, 0, 0, 0, 0, 
91, PinuPond, 0, 0, 0, 0, 
91, PseuMenz, 0, 0, 0, 0, 
91, QuerChry, 0, 0, 0, 0, 
91, QuerDoug, 0, 0, 0, 0, 
91, QuerKell, 0, 0, 0, 0, 
91, QuerGarr, 0, 0, 0, 0, 
91, SequSemp, 0, 0, 0, 0, 
91, TaxuBrev, 0, 0, 0, 0, 
91, TsugMert, 0, 0, 0, 0, 
92, AbieAmab, 0, 0, 0, 0, 
92, AbieGran, 0, 0, 0, 0, 
92, AbieMagn, 0, 0, 0, 0, 
92, AcerMacr, 0, 0, 0, 0, 
92, AlnuRhom, 0, 0, 0, 0, 
92, AlnuRubr, 0, 0, 0, 0, 
92, ArbuMenz, 0, 0, 0, 0, 
92, CaloDecu, 0, 0, 0, 0, 
92, ChamNoot, 0, 0, 0, 0, 
92, ChryChry, 0, 0, 0, 0, 
92, FX_R_SEED, 0, 0, 0, 0, 
92, LithDens, 0, 0, 0, 0, 
92, NOFX_R_SEED, 0, 0, 0, 0, 
92, NOFX_NOR_SEED, 0, 0, 0, 0, 
92, PiceBrew, 0, 0, 0, 0, 
92, PiceSitc, 0, 0, 0, 0, 
92, PinuAlbi, 0, 0, 0, 0, 
92, PinuAtte, 0, 0, 0, 0, 
92, PinuCont, 0, 0, 0, 0, 
92, PinuJeff, 0, 0, 0, 0, 
92, PinuLamb, 0, 0, 0, 0, 
92, PinuMont, 0, 0, 0, 0, 
92, PinuPond, 0, 0, 0, 0, 
92, PseuMenz, 0, 0, 0, 0, 
92, QuerChry, 0, 0, 0, 0, 
92, QuerDoug, 0, 0, 0, 0, 
92, QuerKell, 0, 0, 0, 0, 
92, QuerGarr, 0, 0, 0, 0, 
92, SequSemp, 0, 0, 0, 0, 
92, TaxuBrev, 0, 0, 0, 0, 
92, TsugMert, 0, 0, 0, 0, 
93, AbieAmab, 0, 0, 0, 0, 
93, AbieGran, 0, 0, 0, 0, 
93, AbieMagn, 0, 0, 0, 0, 
93, AcerMacr, 0, 0, 0, 0, 
93, AlnuRhom, 0, 0, 0, 0, 
93, AlnuRubr, 0, 0, 0, 0, 
93, ArbuMenz, 0, 0, 0, 0, 
93, CaloDecu, 0, 0, 0, 0, 
93, ChamNoot, 0, 0, 0, 0, 
93, ChryChry, 0, 0, 0, 0, 
93, FX_R_SEED, 0, 0, 0, 0, 
93, LithDens, 0, 0, 0, 0, 
93, NOFX_R_SEED, 0, 0, 0, 0, 
93, NOFX_NOR_SEED, 0, 0, 0, 0, 
93, PiceBrew, 0, 0, 0, 0, 
93, PiceSitc, 0, 0, 0, 0, 
93, PinuAlbi, 0, 0, 0, 0, 
93, PinuAtte, 0, 0, 0, 0, 
93, PinuCont, 0, 0, 0, 0, 
93, PinuJeff, 0, 0, 0, 0, 
93, PinuLamb, 0, 0, 0, 0, 
93, PinuMont, 0, 0, 0, 0, 
93, PinuPond, 0, 0, 0, 0, 
93, PseuMenz, 0, 0, 0, 0, 
93, QuerChry, 0, 0, 0, 0, 
93, QuerDoug, 0, 0, 0, 0, 
93, QuerKell, 0, 0, 0, 0, 
93, QuerGarr, 0, 0, 0, 0, 
93, SequSemp, 0, 0, 0, 0, 
93, TaxuBrev, 0, 0, 0, 0, 
93, TsugMert, 0, 0, 0, 0, 
94, AbieAmab, 0, 0, 0, 0, 
94, AbieGran, 0, 0, 0, 0, 
94, AbieMagn, 0, 0, 0, 0, 
94, AcerMacr, 0, 0, 0, 0, 
94, AlnuRhom, 0, 0, 0, 0, 
94, AlnuRubr, 0, 0, 0, 0, 
94, ArbuMenz, 0, 0, 0, 0, 
94, CaloDecu, 0, 0, 0, 0, 
94, ChamNoot, 0, 0, 0, 0, 
94, ChryChry, 0, 0, 0, 0, 
94, FX_R_SEED, 0, 0, 0, 0, 
94, LithDens, 0, 0, 0, 0, 
94, NOFX_R_SEED, 0, 0, 0, 0, 
94, NOFX_NOR_SEED, 0, 0, 0, 0, 
94, PiceBrew, 0, 0, 0, 0, 
94, PiceSitc, 0, 0, 0, 0, 
94, PinuAlbi, 0, 0, 0, 0, 
94, PinuAtte, 0, 0, 0, 0, 
94, PinuCont, 0, 0, 0, 0, 
94, PinuJeff, 0, 0, 0, 0, 
94, PinuLamb, 0, 0, 0, 0, 
94, PinuMont, 0, 0, 0, 0, 
94, PinuPond, 0, 0, 0, 0, 
94, PseuMenz, 0, 0, 0, 0, 
94, QuerChry, 0, 0, 0, 0, 
94, QuerDoug, 0, 0, 0, 0, 
94, QuerKell, 0, 0, 0, 0, 
94, QuerGarr, 0, 0, 0, 0, 
94, SequSemp, 0, 0, 0, 0, 
94, TaxuBrev, 0, 0, 0, 0, 
94, TsugMert, 0, 0, 0, 0, 
95, AbieAmab, 0, 0, 0, 0, 
95, AbieGran, 0, 0, 0, 0, 
95, AbieMagn, 0, 0, 0, 0, 
95, AcerMacr, 0, 0, 0, 0, 
95, AlnuRhom, 0, 0, 0, 0, 
95, AlnuRubr, 0, 0, 0, 0, 
95, ArbuMenz, 0, 0, 0, 0, 
95, CaloDecu, 0, 0, 0, 0, 
95, ChamNoot, 0, 0, 0, 0, 
95, ChryChry, 0, 0, 0, 0, 
95, FX_R_SEED, 0, 0, 0, 0, 
95, LithDens, 0, 0, 0, 0, 
95, NOFX_R_SEED, 0, 0, 0, 0, 
95, NOFX_NOR_SEED, 0, 0, 0, 0, 
95, PiceBrew, 0, 0, 0, 0, 
95, PiceSitc, 0, 0, 0, 0, 
95, PinuAlbi, 0, 0, 0, 0, 
95, PinuAtte, 0, 0, 0, 0, 
95, PinuCont, 0, 0, 0, 0, 
95, PinuJeff, 0, 0, 0, 0, 
95, PinuLamb, 0, 0, 0, 0, 
95, PinuMont, 0, 0, 0, 0, 
95, PinuPond, 0, 0, 0, 0, 
95, PseuMenz, 0, 0, 0, 0, 
95, QuerChry, 0, 0, 0, 0, 
95, QuerDoug, 0, 0, 0, 0, 
95, QuerKell, 0, 0, 0, 0, 
95, QuerGarr, 0, 0, 0, 0, 
95, SequSemp, 0, 0, 0, 0, 
95, TaxuBrev, 0, 0, 0, 0, 
95, TsugMert, 0, 0, 0, 0, 
96, AbieAmab, 0, 0, 0, 0, 
96, AbieGran, 0, 0, 0, 0, 
96, AbieMagn, 0, 0, 0, 0, 
96, AcerMacr, 0, 0, 0, 0, 
96, AlnuRhom, 0, 0, 0, 0, 
96, AlnuRubr, 0, 0, 0, 0, 
96, ArbuMenz, 0, 0, 0, 0, 
96, CaloDecu, 0, 0, 0, 0, 
96, ChamNoot, 0, 0, 0, 0, 
96, ChryChry, 0, 0, 0, 0, 
96, FX_R_SEED, 0, 0, 0, 0, 
96, LithDens, 0, 0, 0, 0, 
96, NOFX_R_SEED, 0, 0, 0, 0, 
96, NOFX_NOR_SEED, 0, 0, 0, 0, 
96, PiceBrew, 0, 0, 0, 0, 
96, PiceSitc, 0, 0, 0, 0, 
96, PinuAlbi, 0, 0, 0, 0, 
96, PinuAtte, 0, 0, 0, 0, 
96, PinuCont, 0, 0, 0, 0, 
96, PinuJeff, 0, 0, 0, 0, 
96, PinuLamb, 0, 0, 0, 0, 
96, PinuMont, 0, 0, 0, 0, 
96, PinuPond, 0, 0, 0, 0, 
96, PseuMenz, 0, 0, 0, 0, 
96, QuerChry, 0, 0, 0, 0, 
96, QuerDoug, 0, 0, 0, 0, 
96, QuerKell, 0, 0, 0, 0, 
96, QuerGarr, 0, 0, 0, 0, 
96, SequSemp, 0, 0, 0, 0, 
96, TaxuBrev, 0, 0, 0, 0, 
96, TsugMert, 0, 0, 0, 0, 
97, AbieAmab, 0, 0, 0, 0, 
97, AbieGran, 0, 0, 0, 0, 
97, AbieMagn, 0, 0, 0, 0, 
97, AcerMacr, 0, 0, 0, 0, 
97, AlnuRhom, 0, 0, 0, 0, 
97, AlnuRubr, 0, 0, 0, 0, 
97, ArbuMenz, 0, 0, 0, 0, 
97, CaloDecu, 0, 0, 0, 0, 
97, ChamNoot, 0, 0, 0, 0, 
97, ChryChry, 0, 0, 0, 0, 
97, FX_R_SEED, 0, 0, 0, 0, 
97, LithDens, 0, 0, 0, 0, 
97, NOFX_R_SEED, 0, 0, 0, 0, 
97, NOFX_NOR_SEED, 0, 0, 0, 0, 
97, PiceBrew, 0, 0, 0, 0, 
97, PiceSitc, 0, 0, 0, 0, 
97, PinuAlbi, 0, 0, 0, 0, 
97, PinuAtte, 0, 0, 0, 0, 
97, PinuCont, 0, 0, 0, 0, 
97, PinuJeff, 0, 0, 0, 0, 
97, PinuLamb, 0, 0, 0, 0, 
97, PinuMont, 0, 0, 0, 0, 
97, PinuPond, 0, 0, 0, 0, 
97, PseuMenz, 0, 0, 0, 0, 
97, QuerChry, 0, 0, 0, 0, 
97, QuerDoug, 0, 0, 0, 0, 
97, QuerKell, 0, 0, 0, 0, 
97, QuerGarr, 0, 0, 0, 0, 
97, SequSemp, 0, 0, 0, 0, 
97, TaxuBrev, 0, 0, 0, 0, 
97, TsugMert, 0, 0, 0, 0, 
98, AbieAmab, 0, 0, 0, 0, 
98, AbieGran, 0, 0, 0, 0, 
98, AbieMagn, 0, 0, 0, 0, 
98, AcerMacr, 0, 0, 0, 0, 
98, AlnuRhom, 0, 0, 0, 0, 
98, AlnuRubr, 0, 0, 0, 0, 
98, ArbuMenz, 0, 0, 0, 0, 
98, CaloDecu, 0, 0, 0, 0, 
98, ChamNoot, 0, 0, 0, 0, 
98, ChryChry, 0, 0, 0, 0, 
98, FX_R_SEED, 0, 0, 0, 0, 
98, LithDens, 0, 0, 0, 0, 
98, NOFX_R_SEED, 0, 0, 0, 0, 
98, NOFX_NOR_SEED, 0, 0, 0, 0, 
98, PiceBrew, 0, 0, 0, 0, 
98, PiceSitc, 0, 0, 0, 0, 
98, PinuAlbi, 0, 0, 0, 0, 
98, PinuAtte, 0, 0, 0, 0, 
98, PinuCont, 0, 0, 0, 0, 
98, PinuJeff, 0, 0, 0, 0, 
98, PinuLamb, 0, 0, 0, 0, 
98, PinuMont, 0, 0, 0, 0, 
98, PinuPond, 0, 0, 0, 0, 
98, PseuMenz, 0, 0, 0, 0, 
98, QuerChry, 0, 0, 0, 0, 
98, QuerDoug, 0, 0, 0, 0, 
98, QuerKell, 0, 0, 0, 0, 
98, QuerGarr, 0, 0, 0, 0, 
98, SequSemp, 0, 0, 0, 0, 
98, TaxuBrev, 0, 0, 0, 0, 
98, TsugMert, 0, 0, 0, 0, 
99, AbieAmab, 0, 0, 0, 0, 
99, AbieGran, 0, 0, 0, 0, 
99, AbieMagn, 0, 0, 0, 0, 
99, AcerMacr, 0, 0, 0, 0, 
99, AlnuRhom, 0, 0, 0, 0, 
99, AlnuRubr, 0, 0, 0, 0, 
99, ArbuMenz, 0, 0, 0, 0, 
99, CaloDecu, 0, 0, 0, 0, 
99, ChamNoot, 0, 0, 0, 0, 
99, ChryChry, 0, 0, 0, 0, 
99, FX_R_SEED, 0, 0, 0, 0, 
99, LithDens, 0, 0, 0, 0, 
99, NOFX_R_SEED, 0, 0, 0, 0, 
99, NOFX_NOR_SEED, 0, 0, 0, 0, 
99, PiceBrew, 0, 0, 0, 0, 
99, PiceSitc, 0, 0, 0, 0, 
99, PinuAlbi, 0, 0, 0, 0, 
99, PinuAtte, 0, 0, 0, 0, 
99, PinuCont, 0, 0, 0, 0, 
99, PinuJeff, 0, 0, 0, 0, 
99, PinuLamb, 0, 0, 0, 0, 
99, PinuMont, 0, 0, 0, 0, 
99, PinuPond, 0, 0, 0, 0, 
99, PseuMenz, 0, 0, 0, 0, 
99, QuerChry, 0, 0, 0, 0, 
99, QuerDoug, 0, 0, 0, 0, 
99, QuerKell, 0, 0, 0, 0, 
99, QuerGarr, 0, 0, 0, 0, 
99, SequSemp, 0, 0, 0, 0, 
99, TaxuBrev, 0, 0, 0, 0, 
99, TsugMert, 0, 0, 0, 0, 
100, AbieAmab, 0, 0, 0, 0, 
100, AbieGran, 0, 0, 0, 0, 
100, AbieMagn, 0, 0, 0, 0, 
100, AcerMacr, 0, 0, 0, 0, 
100, AlnuRhom, 0, 0, 0, 0, 
100, AlnuRubr, 0, 0, 0, 0, 
100, ArbuMenz, 0, 0, 0, 0, 
100, CaloDecu, 0, 0, 0, 0, 
100, ChamNoot, 0, 0, 0, 0, 
100, ChryChry, 0, 0, 0, 0, 
100, FX_R_SEED, 0, 0, 0, 0, 
100, LithDens, 0, 0, 0, 0, 
100, NOFX_R_SEED, 0, 0, 0, 0, 
100, NOFX_NOR_SEED, 0, 0, 0, 0, 
100, PiceBrew, 0, 0, 0, 0, 
100, PiceSitc, 0, 0, 0, 0, 
100, PinuAlbi, 0, 0, 0, 0, 
100, PinuAtte, 0, 0, 0, 0, 
100, PinuCont, 0, 0, 0, 0, 
100, PinuJeff, 0, 0, 0, 0, 
100, PinuLamb, 0, 0, 0, 0, 
100, PinuMont, 0, 0, 0, 0, 
100, PinuPond, 0, 0, 0, 0, 
100, PseuMenz, 0, 0, 0, 0, 
100, QuerChry, 0, 0, 0, 0, 
100, QuerDoug, 0, 0, 0, 0, 
100, QuerKell, 0, 0, 0, 0, 
100, QuerGarr, 0, 0, 0, 0, 
100, SequSemp, 0, 0, 0, 0, 
100, TaxuBrev, 0, 0, 0, 0, 
100, TsugMert, 0, 0, 0, 0, 
