Time,SpeciesName,NumCohortsPlanting,NumCohortsSerotiny,NumCohortsResprout,NumCohortsSeed,
1, AbieAmab, 0, 0, 0, 56, 
1, AbieGran, 0, 0, 0, 815, 
1, AbieMagn, 0, 0, 0, 628, 
1, AcerMacr, 0, 0, 295, 7945, 
1, AlnuRhom, 0, 0, 20, 61, 
1, AlnuRubr, 0, 0, 25, 496, 
1, ArbuMenz, 0, 0, 2600, 15179, 
1, CaloDecu, 0, 0, 0, 4395, 
1, ChamNoot, 0, 0, 0, 4, 
1, ChryChry, 0, 0, 688, 3042, 
1, FX_R_SEED, 0, 0, 32921, 99969, 
1, LithDens, 0, 0, 564, 4577, 
1, NOFX_R_SEED, 0, 0, 33024, 102865, 
1, NOFX_NOR_SEED, 0, 0, 0, 100031, 
1, PiceBrew, 0, 0, 0, 90, 
1, PiceSitc, 0, 0, 0, 0, 
1, PinuAlbi, 0, 0, 0, 9, 
1, PinuAtte, 0, 4, 0, 2057, 
1, PinuCont, 0, 0, 0, 1330, 
1, PinuJeff, 0, 0, 0, 3815, 
1, PinuLamb, 0, 0, 0, 8461, 
1, PinuMont, 0, 0, 0, 2482, 
1, PinuPond, 0, 0, 0, 3825, 
1, PseuMenz, 0, 0, 0, 18641, 
1, QuerChry, 0, 0, 2758, 16029, 
1, QuerDoug, 0, 0, 41, 193, 
1, QuerKell, 0, 0, 2072, 6196, 
1, QuerGarr, 0, 0, 752, 1297, 
1, SequSemp, 0, 0, 0, 1, 
1, TaxuBrev, 0, 0, 170, 134, 
1, TsugMert, 0, 0, 0, 0, 
2, AbieAmab, 0, 0, 0, 3, 
2, AbieGran, 0, 0, 0, 1092, 
2, AbieMagn, 0, 0, 0, 76, 
2, AcerMacr, 0, 0, 1536, 5840, 
2, AlnuRhom, 0, 0, 75, 65, 
2, AlnuRubr, 0, 0, 263, 953, 
2, ArbuMenz, 0, 0, 5112, 10603, 
2, CaloDecu, 0, 0, 0, 1618, 
2, ChamNoot, 0, 0, 0, 0, 
2, ChryChry, 0, 0, 1756, 9880, 
2, FX_R_SEED, 0, 0, 31454, 106267, 
2, LithDens, 0, 0, 2776, 21753, 
2, NOFX_R_SEED, 0, 0, 32642, 110111, 
2, NOFX_NOR_SEED, 0, 0, 0, 107541, 
2, PiceBrew, 0, 0, 0, 147, 
2, PiceSitc, 0, 0, 0, 7, 
2, PinuAlbi, 0, 0, 0, 0, 
2, PinuAtte, 0, 7, 0, 1494, 
2, PinuCont, 0, 0, 0, 226, 
2, PinuJeff, 0, 0, 0, 1930, 
2, PinuLamb, 0, 0, 0, 3411, 
2, PinuMont, 0, 0, 0, 928, 
2, PinuPond, 0, 0, 0, 835, 
2, PseuMenz, 0, 0, 0, 13062, 
2, QuerChry, 0, 0, 5480, 10762, 
2, QuerDoug, 0, 0, 38, 314, 
2, QuerKell, 0, 0, 5279, 3171, 
2, QuerGarr, 0, 0, 1710, 849, 
2, SequSemp, 0, 0, 0, 274, 
2, TaxuBrev, 0, 0, 105, 1290, 
2, TsugMert, 0, 0, 0, 0, 
3, AbieAmab, 0, 0, 0, 19, 
3, AbieGran, 0, 0, 0, 1005, 
3, AbieMagn, 0, 0, 0, 154, 
3, AcerMacr, 0, 0, 187, 5686, 
3, AlnuRhom, 0, 0, 12, 147, 
3, AlnuRubr, 0, 0, 8, 4150, 
3, ArbuMenz, 0, 0, 305, 11309, 
3, CaloDecu, 0, 0, 0, 2283, 
3, ChamNoot, 0, 0, 0, 0, 
3, ChryChry, 0, 0, 35, 14051, 
3, FX_R_SEED, 0, 0, 6266, 120298, 
3, LithDens, 0, 0, 32, 25540, 
3, NOFX_R_SEED, 0, 0, 6057, 123954, 
3, NOFX_NOR_SEED, 0, 0, 0, 118955, 
3, PiceBrew, 0, 0, 0, 210, 
3, PiceSitc, 0, 0, 0, 74, 
3, PinuAlbi, 0, 0, 0, 0, 
3, PinuAtte, 0, 0, 0, 1336, 
3, PinuCont, 0, 0, 0, 256, 
3, PinuJeff, 0, 0, 0, 1991, 
3, PinuLamb, 0, 0, 0, 4485, 
3, PinuMont, 0, 0, 0, 1190, 
3, PinuPond, 0, 0, 0, 1350, 
3, PseuMenz, 0, 0, 0, 13678, 
3, QuerChry, 0, 0, 1189, 11234, 
3, QuerDoug, 0, 0, 345, 179, 
3, QuerKell, 0, 0, 977, 3761, 
3, QuerGarr, 0, 0, 347, 752, 
3, SequSemp, 0, 0, 0, 2127, 
3, TaxuBrev, 0, 0, 25, 1779, 
3, TsugMert, 0, 0, 0, 0, 
4, AbieAmab, 0, 0, 0, 1, 
4, AbieGran, 0, 0, 0, 849, 
4, AbieMagn, 0, 0, 0, 186, 
4, AcerMacr, 0, 0, 276, 1886, 
4, AlnuRhom, 0, 0, 7, 30, 
4, AlnuRubr, 0, 0, 38, 481, 
4, ArbuMenz, 0, 0, 1416, 4874, 
4, CaloDecu, 0, 0, 0, 944, 
4, ChamNoot, 0, 0, 0, 0, 
4, ChryChry, 0, 0, 873, 4328, 
4, FX_R_SEED, 0, 0, 3315, 98099, 
4, LithDens, 0, 0, 857, 10946, 
4, NOFX_R_SEED, 0, 0, 3346, 101748, 
4, NOFX_NOR_SEED, 0, 0, 0, 100452, 
4, PiceBrew, 0, 0, 0, 33, 
4, PiceSitc, 0, 0, 0, 20, 
4, PinuAlbi, 0, 0, 0, 0, 
4, PinuAtte, 0, 0, 0, 455, 
4, PinuCont, 0, 0, 0, 259, 
4, PinuJeff, 0, 0, 0, 866, 
4, PinuLamb, 0, 0, 0, 1654, 
4, PinuMont, 0, 0, 0, 553, 
4, PinuPond, 0, 0, 0, 953, 
4, PseuMenz, 0, 0, 0, 6858, 
4, QuerChry, 0, 0, 2001, 6194, 
4, QuerDoug, 0, 0, 7, 198, 
4, QuerKell, 0, 0, 1123, 1461, 
4, QuerGarr, 0, 0, 168, 439, 
4, SequSemp, 0, 0, 0, 596, 
4, TaxuBrev, 0, 0, 5, 486, 
4, TsugMert, 0, 0, 0, 0, 
5, AbieAmab, 0, 0, 0, 28, 
5, AbieGran, 0, 0, 0, 387, 
5, AbieMagn, 0, 0, 0, 301, 
5, AcerMacr, 0, 0, 10, 2627, 
5, AlnuRhom, 0, 0, 4, 58, 
5, AlnuRubr, 0, 0, 13, 493, 
5, ArbuMenz, 0, 0, 945, 5148, 
5, CaloDecu, 283041, 0, 0, 1548, 
5, ChamNoot, 0, 0, 0, 4, 
5, ChryChry, 0, 0, 380, 8883, 
5, FX_R_SEED, 0, 0, 3688, 76222, 
5, LithDens, 0, 0, 743, 18818, 
5, NOFX_R_SEED, 0, 0, 4022, 78291, 
5, NOFX_NOR_SEED, 0, 0, 0, 72525, 
5, PiceBrew, 0, 0, 0, 146, 
5, PiceSitc, 0, 0, 0, 15, 
5, PinuAlbi, 0, 0, 0, 3, 
5, PinuAtte, 0, 0, 0, 348, 
5, PinuCont, 0, 0, 0, 367, 
5, PinuJeff, 0, 0, 0, 835, 
5, PinuLamb, 0, 0, 0, 2893, 
5, PinuMont, 0, 0, 0, 842, 
5, PinuPond, 0, 0, 0, 1152, 
5, PseuMenz, 288277, 0, 0, 6093, 
5, QuerChry, 0, 0, 868, 5534, 
5, QuerDoug, 0, 0, 0, 73, 
5, QuerKell, 0, 0, 306, 1908, 
5, QuerGarr, 0, 0, 108, 220, 
5, SequSemp, 0, 0, 0, 273, 
5, TaxuBrev, 0, 0, 7, 1084, 
5, TsugMert, 0, 0, 0, 0, 
6, AbieAmab, 0, 0, 0, 3, 
6, AbieGran, 0, 0, 0, 1042, 
6, AbieMagn, 0, 0, 0, 42, 
6, AcerMacr, 0, 0, 2422, 3102, 
6, AlnuRhom, 0, 0, 81, 28, 
6, AlnuRubr, 0, 0, 64, 289, 
6, ArbuMenz, 0, 0, 6318, 7264, 
6, CaloDecu, 0, 0, 0, 843, 
6, ChamNoot, 0, 0, 0, 1, 
6, ChryChry, 0, 0, 2034, 6021, 
6, FX_R_SEED, 0, 0, 26641, 95845, 
6, LithDens, 0, 0, 3849, 11743, 
6, NOFX_R_SEED, 0, 0, 27056, 99037, 
6, NOFX_NOR_SEED, 0, 0, 0, 95546, 
6, PiceBrew, 0, 0, 0, 62, 
6, PiceSitc, 0, 0, 0, 0, 
6, PinuAlbi, 0, 0, 0, 0, 
6, PinuAtte, 0, 0, 0, 443, 
6, PinuCont, 0, 0, 0, 73, 
6, PinuJeff, 0, 0, 0, 899, 
6, PinuLamb, 0, 0, 0, 1655, 
6, PinuMont, 0, 0, 0, 470, 
6, PinuPond, 0, 0, 0, 373, 
6, PseuMenz, 0, 0, 0, 8910, 
6, QuerChry, 0, 0, 10505, 7228, 
6, QuerDoug, 0, 0, 127, 101, 
6, QuerKell, 0, 0, 8272, 1623, 
6, QuerGarr, 0, 0, 2247, 526, 
6, SequSemp, 0, 0, 0, 164, 
6, TaxuBrev, 0, 0, 73, 328, 
6, TsugMert, 0, 0, 0, 0, 
7, AbieAmab, 0, 0, 0, 11, 
7, AbieGran, 0, 0, 0, 794, 
7, AbieMagn, 0, 0, 0, 49, 
7, AcerMacr, 0, 0, 87, 3239, 
7, AlnuRhom, 0, 0, 5, 49, 
7, AlnuRubr, 0, 0, 14, 671, 
7, ArbuMenz, 0, 0, 457, 7435, 
7, CaloDecu, 0, 0, 0, 1191, 
7, ChamNoot, 0, 0, 0, 0, 
7, ChryChry, 0, 0, 21, 8595, 
7, FX_R_SEED, 0, 0, 6852, 106674, 
7, LithDens, 0, 0, 1, 19328, 
7, NOFX_R_SEED, 0, 0, 6823, 108585, 
7, NOFX_NOR_SEED, 0, 0, 0, 106744, 
7, PiceBrew, 0, 0, 0, 55, 
7, PiceSitc, 0, 0, 0, 10, 
7, PinuAlbi, 0, 0, 0, 0, 
7, PinuAtte, 0, 0, 0, 528, 
7, PinuCont, 0, 0, 0, 114, 
7, PinuJeff, 0, 0, 0, 1270, 
7, PinuLamb, 0, 0, 0, 1999, 
7, PinuMont, 0, 0, 0, 596, 
7, PinuPond, 0, 0, 0, 648, 
7, PseuMenz, 0, 0, 0, 8546, 
7, QuerChry, 0, 0, 523, 7933, 
7, QuerDoug, 0, 0, 21, 327, 
7, QuerKell, 0, 0, 785, 2071, 
7, QuerGarr, 0, 0, 950, 527, 
7, SequSemp, 0, 0, 0, 447, 
7, TaxuBrev, 0, 0, 41, 646, 
7, TsugMert, 0, 0, 0, 0, 
8, AbieAmab, 0, 0, 0, 31, 
8, AbieGran, 0, 0, 0, 898, 
8, AbieMagn, 0, 0, 0, 171, 
8, AcerMacr, 0, 0, 1409, 3710, 
8, AlnuRhom, 0, 0, 17, 41, 
8, AlnuRubr, 0, 0, 117, 364, 
8, ArbuMenz, 0, 0, 6211, 8174, 
8, CaloDecu, 0, 0, 0, 1908, 
8, ChamNoot, 0, 0, 0, 0, 
8, ChryChry, 0, 0, 3309, 4550, 
8, FX_R_SEED, 0, 0, 24343, 94127, 
8, LithDens, 0, 0, 3810, 8308, 
8, NOFX_R_SEED, 0, 0, 25022, 95509, 
8, NOFX_NOR_SEED, 0, 0, 0, 96700, 
8, PiceBrew, 0, 0, 0, 97, 
8, PiceSitc, 0, 0, 0, 0, 
8, PinuAlbi, 0, 0, 0, 0, 
8, PinuAtte, 0, 8, 0, 446, 
8, PinuCont, 0, 0, 0, 247, 
8, PinuJeff, 0, 0, 0, 1142, 
8, PinuLamb, 0, 0, 0, 3336, 
8, PinuMont, 0, 0, 0, 853, 
8, PinuPond, 0, 0, 0, 1051, 
8, PseuMenz, 0, 0, 0, 9829, 
8, QuerChry, 0, 0, 5103, 7769, 
8, QuerDoug, 0, 0, 28, 102, 
8, QuerKell, 0, 0, 2701, 2343, 
8, QuerGarr, 0, 0, 844, 344, 
8, SequSemp, 0, 0, 0, 117, 
8, TaxuBrev, 0, 0, 58, 247, 
8, TsugMert, 0, 0, 0, 0, 
9, AbieAmab, 0, 0, 0, 209, 
9, AbieGran, 0, 0, 0, 5649, 
9, AbieMagn, 0, 0, 0, 2332, 
9, AcerMacr, 0, 0, 86, 28318, 
9, AlnuRhom, 0, 0, 12, 251, 
9, AlnuRubr, 0, 0, 15, 1272, 
9, ArbuMenz, 0, 0, 855, 58512, 
9, CaloDecu, 0, 0, 0, 22047, 
9, ChamNoot, 0, 0, 0, 9, 
9, ChryChry, 0, 0, 181, 6638, 
9, FX_R_SEED, 0, 0, 5012, 124631, 
9, LithDens, 0, 0, 288, 9442, 
9, NOFX_R_SEED, 0, 0, 4940, 125885, 
9, NOFX_NOR_SEED, 0, 0, 0, 122121, 
9, PiceBrew, 0, 0, 0, 811, 
9, PiceSitc, 0, 0, 0, 0, 
9, PinuAlbi, 0, 0, 0, 24, 
9, PinuAtte, 0, 0, 0, 1949, 
9, PinuCont, 0, 0, 0, 3889, 
9, PinuJeff, 0, 0, 0, 8411, 
9, PinuLamb, 0, 0, 0, 41121, 
9, PinuMont, 0, 0, 0, 5217, 
9, PinuPond, 0, 0, 0, 24464, 
9, PseuMenz, 0, 0, 0, 76032, 
9, QuerChry, 0, 0, 905, 51221, 
9, QuerDoug, 0, 0, 11, 2415, 
9, QuerKell, 0, 0, 897, 31316, 
9, QuerGarr, 0, 0, 349, 5436, 
9, SequSemp, 0, 0, 0, 2, 
9, TaxuBrev, 0, 0, 16, 609, 
9, TsugMert, 0, 0, 0, 0, 
10, AbieAmab, 0, 0, 0, 58, 
10, AbieGran, 0, 0, 0, 1798, 
10, AbieMagn, 0, 0, 0, 1967, 
10, AcerMacr, 0, 0, 1107, 12089, 
10, AlnuRhom, 0, 0, 10, 185, 
10, AlnuRubr, 0, 0, 40, 1382, 
10, ArbuMenz, 0, 0, 5471, 24274, 
10, CaloDecu, 281038, 0, 0, 8297, 
10, ChamNoot, 0, 0, 0, 8, 
10, ChryChry, 0, 0, 3126, 8327, 
10, FX_R_SEED, 0, 0, 18271, 82796, 
10, LithDens, 0, 0, 2789, 12319, 
10, NOFX_R_SEED, 0, 0, 18535, 84573, 
10, NOFX_NOR_SEED, 0, 0, 0, 81002, 
10, PiceBrew, 0, 0, 0, 644, 
10, PiceSitc, 0, 0, 0, 0, 
10, PinuAlbi, 0, 0, 0, 16, 
10, PinuAtte, 0, 34, 0, 1442, 
10, PinuCont, 0, 0, 0, 2194, 
10, PinuJeff, 0, 0, 0, 3932, 
10, PinuLamb, 0, 0, 0, 15144, 
10, PinuMont, 0, 0, 0, 4732, 
10, PinuPond, 0, 0, 0, 7262, 
10, PseuMenz, 286235, 0, 0, 31559, 
10, QuerChry, 0, 0, 5289, 21110, 
10, QuerDoug, 0, 0, 30, 807, 
10, QuerKell, 0, 0, 2679, 10355, 
10, QuerGarr, 0, 0, 490, 1009, 
10, SequSemp, 0, 0, 0, 65, 
10, TaxuBrev, 0, 0, 80, 557, 
10, TsugMert, 0, 0, 0, 0, 
11, AbieAmab, 0, 0, 0, 32, 
11, AbieGran, 0, 0, 0, 882, 
11, AbieMagn, 0, 0, 0, 181, 
11, AcerMacr, 0, 0, 1689, 6345, 
11, AlnuRhom, 0, 0, 50, 52, 
11, AlnuRubr, 0, 0, 214, 698, 
11, ArbuMenz, 0, 0, 7238, 11125, 
11, CaloDecu, 0, 0, 0, 2328, 
11, ChamNoot, 0, 0, 0, 2, 
11, ChryChry, 0, 0, 2872, 4699, 
11, FX_R_SEED, 0, 0, 28155, 84413, 
11, LithDens, 0, 0, 3779, 8351, 
11, NOFX_R_SEED, 0, 0, 28508, 85894, 
11, NOFX_NOR_SEED, 0, 0, 0, 86339, 
11, PiceBrew, 0, 0, 0, 169, 
11, PiceSitc, 0, 0, 0, 0, 
11, PinuAlbi, 0, 0, 0, 0, 
11, PinuAtte, 0, 92, 0, 593, 
11, PinuCont, 0, 0, 0, 216, 
11, PinuJeff, 0, 0, 0, 1497, 
11, PinuLamb, 0, 0, 0, 3690, 
11, PinuMont, 0, 0, 0, 983, 
11, PinuPond, 0, 0, 0, 908, 
11, PseuMenz, 0, 0, 0, 12514, 
11, QuerChry, 0, 0, 9309, 8768, 
11, QuerDoug, 0, 0, 64, 102, 
11, QuerKell, 0, 0, 6398, 2742, 
11, QuerGarr, 0, 0, 1331, 396, 
11, SequSemp, 0, 0, 0, 54, 
11, TaxuBrev, 0, 0, 113, 155, 
11, TsugMert, 0, 0, 0, 0, 
12, AbieAmab, 0, 0, 0, 13, 
12, AbieGran, 0, 0, 0, 660, 
12, AbieMagn, 0, 0, 0, 99, 
12, AcerMacr, 0, 0, 1988, 4194, 
12, AlnuRhom, 0, 0, 12, 67, 
12, AlnuRubr, 0, 0, 159, 843, 
12, ArbuMenz, 0, 0, 5720, 7907, 
12, CaloDecu, 0, 0, 0, 1654, 
12, ChamNoot, 0, 0, 0, 3, 
12, ChryChry, 0, 0, 2407, 4965, 
12, FX_R_SEED, 0, 0, 11641, 96467, 
12, LithDens, 0, 0, 3967, 14481, 
12, NOFX_R_SEED, 0, 0, 12789, 97840, 
12, NOFX_NOR_SEED, 0, 0, 0, 93770, 
12, PiceBrew, 0, 0, 0, 174, 
12, PiceSitc, 0, 0, 0, 3, 
12, PinuAlbi, 0, 0, 0, 0, 
12, PinuAtte, 0, 190, 0, 569, 
12, PinuCont, 0, 0, 0, 207, 
12, PinuJeff, 0, 0, 0, 1400, 
12, PinuLamb, 0, 0, 0, 2651, 
12, PinuMont, 0, 0, 0, 942, 
12, PinuPond, 0, 0, 0, 608, 
12, PseuMenz, 0, 0, 0, 8944, 
12, QuerChry, 0, 0, 4748, 6831, 
12, QuerDoug, 0, 0, 34, 149, 
12, QuerKell, 0, 0, 3554, 1879, 
12, QuerGarr, 0, 0, 440, 244, 
12, SequSemp, 0, 0, 0, 314, 
12, TaxuBrev, 0, 0, 26, 598, 
12, TsugMert, 0, 0, 0, 0, 
13, AbieAmab, 0, 0, 0, 104, 
13, AbieGran, 0, 0, 0, 2015, 
13, AbieMagn, 0, 0, 0, 924, 
13, AcerMacr, 0, 0, 1023, 11247, 
13, AlnuRhom, 0, 0, 0, 174, 
13, AlnuRubr, 0, 0, 186, 1323, 
13, ArbuMenz, 0, 0, 1841, 25138, 
13, CaloDecu, 0, 0, 0, 6202, 
13, ChamNoot, 0, 0, 0, 10, 
13, ChryChry, 0, 0, 152, 7464, 
13, FX_R_SEED, 0, 0, 4121, 105827, 
13, LithDens, 0, 0, 3308, 11866, 
13, NOFX_R_SEED, 0, 0, 4739, 107870, 
13, NOFX_NOR_SEED, 0, 0, 0, 103807, 
13, PiceBrew, 0, 0, 0, 567, 
13, PiceSitc, 0, 0, 0, 0, 
13, PinuAlbi, 0, 0, 0, 6, 
13, PinuAtte, 0, 30, 0, 1416, 
13, PinuCont, 0, 0, 0, 1137, 
13, PinuJeff, 0, 0, 0, 3271, 
13, PinuLamb, 0, 0, 0, 12026, 
13, PinuMont, 0, 0, 0, 2768, 
13, PinuPond, 0, 0, 0, 4160, 
13, PseuMenz, 0, 0, 0, 29717, 
13, QuerChry, 0, 0, 1866, 16972, 
13, QuerDoug, 0, 0, 9, 371, 
13, QuerKell, 0, 0, 670, 6882, 
13, QuerGarr, 0, 0, 415, 749, 
13, SequSemp, 0, 0, 0, 75, 
13, TaxuBrev, 0, 0, 0, 523, 
13, TsugMert, 0, 0, 0, 0, 
14, AbieAmab, 0, 0, 0, 182, 
14, AbieGran, 0, 0, 0, 3832, 
14, AbieMagn, 0, 0, 0, 3041, 
14, AcerMacr, 0, 0, 220, 20447, 
14, AlnuRhom, 0, 0, 3, 330, 
14, AlnuRubr, 0, 0, 170, 1986, 
14, ArbuMenz, 0, 0, 1070, 48178, 
14, CaloDecu, 0, 0, 0, 15451, 
14, ChamNoot, 0, 0, 0, 13, 
14, ChryChry, 0, 0, 30, 8704, 
14, FX_R_SEED, 0, 0, 1676, 131151, 
14, LithDens, 0, 0, 891, 14421, 
14, NOFX_R_SEED, 0, 0, 2238, 133140, 
14, NOFX_NOR_SEED, 0, 0, 0, 126325, 
14, PiceBrew, 0, 0, 0, 1122, 
14, PiceSitc, 0, 0, 0, 0, 
14, PinuAlbi, 0, 0, 0, 15, 
14, PinuAtte, 0, 49, 0, 1710, 
14, PinuCont, 0, 0, 0, 2945, 
14, PinuJeff, 0, 0, 0, 5787, 
14, PinuLamb, 0, 0, 0, 30678, 
14, PinuMont, 0, 0, 0, 5067, 
14, PinuPond, 0, 0, 0, 15150, 
14, PseuMenz, 0, 0, 0, 60325, 
14, QuerChry, 0, 0, 1421, 35640, 
14, QuerDoug, 0, 0, 20, 1867, 
14, QuerKell, 0, 0, 199, 19576, 
14, QuerGarr, 0, 0, 78, 2659, 
14, SequSemp, 0, 0, 0, 51, 
14, TaxuBrev, 0, 0, 1, 1082, 
14, TsugMert, 0, 0, 0, 0, 
15, AbieAmab, 0, 0, 0, 90, 
15, AbieGran, 0, 0, 0, 1536, 
15, AbieMagn, 0, 0, 0, 2149, 
15, AcerMacr, 0, 0, 1633, 6980, 
15, AlnuRhom, 0, 0, 27, 178, 
15, AlnuRubr, 0, 0, 386, 1296, 
15, ArbuMenz, 0, 0, 6333, 16976, 
15, CaloDecu, 283264, 0, 0, 6763, 
15, ChamNoot, 0, 0, 0, 11, 
15, ChryChry, 0, 0, 1928, 6719, 
15, FX_R_SEED, 0, 0, 29386, 79080, 
15, LithDens, 0, 0, 4300, 10847, 
15, NOFX_R_SEED, 0, 0, 31382, 80865, 
15, NOFX_NOR_SEED, 0, 0, 0, 74913, 
15, PiceBrew, 0, 0, 0, 469, 
15, PiceSitc, 0, 0, 0, 0, 
15, PinuAlbi, 0, 0, 0, 21, 
15, PinuAtte, 0, 165, 0, 892, 
15, PinuCont, 0, 0, 0, 1571, 
15, PinuJeff, 0, 0, 0, 2684, 
15, PinuLamb, 0, 0, 0, 11097, 
15, PinuMont, 0, 0, 0, 3158, 
15, PinuPond, 0, 0, 0, 5556, 
15, PseuMenz, 288308, 0, 0, 22217, 
15, QuerChry, 0, 0, 9422, 12996, 
15, QuerDoug, 0, 0, 50, 655, 
15, QuerKell, 0, 0, 4443, 5905, 
15, QuerGarr, 0, 0, 698, 794, 
15, SequSemp, 0, 0, 0, 125, 
15, TaxuBrev, 0, 0, 9, 774, 
15, TsugMert, 0, 0, 0, 0, 
16, AbieAmab, 0, 0, 0, 29, 
16, AbieGran, 0, 0, 0, 1703, 
16, AbieMagn, 0, 0, 0, 131, 
16, AcerMacr, 0, 0, 1089, 7501, 
16, AlnuRhom, 0, 0, 36, 130, 
16, AlnuRubr, 0, 0, 216, 1505, 
16, ArbuMenz, 0, 0, 5523, 17369, 
16, CaloDecu, 0, 0, 0, 3755, 
16, ChamNoot, 0, 0, 0, 0, 
16, ChryChry, 0, 0, 2096, 6412, 
16, FX_R_SEED, 0, 0, 49926, 100119, 
16, LithDens, 0, 0, 1457, 14824, 
16, NOFX_R_SEED, 0, 0, 51207, 102886, 
16, NOFX_NOR_SEED, 0, 0, 0, 98612, 
16, PiceBrew, 0, 0, 0, 157, 
16, PiceSitc, 0, 0, 0, 21, 
16, PinuAlbi, 0, 0, 0, 0, 
16, PinuAtte, 0, 11, 0, 1194, 
16, PinuCont, 0, 0, 0, 421, 
16, PinuJeff, 0, 0, 0, 2334, 
16, PinuLamb, 0, 0, 0, 6824, 
16, PinuMont, 0, 0, 0, 1431, 
16, PinuPond, 0, 0, 0, 1891, 
16, PseuMenz, 0, 0, 0, 19693, 
16, QuerChry, 0, 0, 7592, 12146, 
16, QuerDoug, 0, 0, 101, 367, 
16, QuerKell, 0, 0, 5720, 4223, 
16, QuerGarr, 0, 0, 3014, 647, 
16, SequSemp, 0, 0, 0, 338, 
16, TaxuBrev, 0, 0, 168, 372, 
16, TsugMert, 0, 0, 0, 0, 
17, AbieAmab, 0, 0, 0, 24, 
17, AbieGran, 0, 0, 0, 1033, 
17, AbieMagn, 0, 0, 0, 115, 
17, AcerMacr, 0, 0, 1382, 4115, 
17, AlnuRhom, 0, 0, 6, 68, 
17, AlnuRubr, 0, 0, 197, 481, 
17, ArbuMenz, 0, 0, 4969, 8795, 
17, CaloDecu, 0, 0, 0, 2034, 
17, ChamNoot, 0, 0, 0, 4, 
17, ChryChry, 0, 0, 642, 3230, 
17, FX_R_SEED, 0, 0, 11090, 101328, 
17, LithDens, 0, 0, 3492, 7197, 
17, NOFX_R_SEED, 0, 0, 11751, 102770, 
17, NOFX_NOR_SEED, 0, 0, 0, 95338, 
17, PiceBrew, 0, 0, 0, 76, 
17, PiceSitc, 0, 0, 0, 0, 
17, PinuAlbi, 0, 0, 0, 0, 
17, PinuAtte, 0, 24, 0, 479, 
17, PinuCont, 0, 0, 0, 147, 
17, PinuJeff, 0, 0, 0, 1148, 
17, PinuLamb, 0, 0, 0, 3303, 
17, PinuMont, 0, 0, 0, 664, 
17, PinuPond, 0, 0, 0, 884, 
17, PseuMenz, 0, 0, 0, 9369, 
17, QuerChry, 0, 0, 4293, 5924, 
17, QuerDoug, 0, 0, 35, 113, 
17, QuerKell, 0, 0, 2594, 1662, 
17, QuerGarr, 0, 0, 803, 239, 
17, SequSemp, 0, 0, 0, 2, 
17, TaxuBrev, 0, 0, 20, 83, 
17, TsugMert, 0, 0, 0, 0, 
18, AbieAmab, 0, 0, 0, 43, 
18, AbieGran, 0, 0, 0, 672, 
18, AbieMagn, 0, 0, 0, 365, 
18, AcerMacr, 0, 0, 18, 3920, 
18, AlnuRhom, 0, 0, 0, 85, 
18, AlnuRubr, 0, 0, 7, 1077, 
18, ArbuMenz, 0, 0, 218, 8853, 
18, CaloDecu, 0, 0, 0, 3123, 
18, ChamNoot, 0, 0, 0, 4, 
18, ChryChry, 0, 0, 4, 5323, 
18, FX_R_SEED, 0, 0, 9979, 110691, 
18, LithDens, 0, 0, 2, 8845, 
18, NOFX_R_SEED, 0, 0, 9975, 112267, 
18, NOFX_NOR_SEED, 0, 0, 0, 105490, 
18, PiceBrew, 0, 0, 0, 228, 
18, PiceSitc, 0, 0, 0, 1, 
18, PinuAlbi, 0, 0, 0, 0, 
18, PinuAtte, 0, 0, 0, 384, 
18, PinuCont, 0, 0, 0, 584, 
18, PinuJeff, 0, 0, 0, 1150, 
18, PinuLamb, 0, 0, 0, 4614, 
18, PinuMont, 0, 0, 0, 1017, 
18, PinuPond, 0, 0, 0, 1863, 
18, PseuMenz, 0, 0, 0, 9497, 
18, QuerChry, 0, 0, 204, 6454, 
18, QuerDoug, 0, 0, 57, 154, 
18, QuerKell, 0, 0, 625, 2080, 
18, QuerGarr, 0, 0, 1054, 218, 
18, SequSemp, 0, 0, 0, 364, 
18, TaxuBrev, 0, 0, 3, 550, 
18, TsugMert, 0, 0, 0, 0, 
19, AbieAmab, 0, 0, 0, 118, 
19, AbieGran, 0, 0, 0, 1726, 
19, AbieMagn, 0, 0, 0, 665, 
19, AcerMacr, 0, 0, 357, 8511, 
19, AlnuRhom, 0, 0, 11, 7, 
19, AlnuRubr, 0, 0, 30, 13, 
19, ArbuMenz, 0, 0, 1785, 19204, 
19, CaloDecu, 0, 0, 0, 6179, 
19, ChamNoot, 0, 0, 0, 1, 
19, ChryChry, 0, 0, 1655, 289, 
19, FX_R_SEED, 0, 0, 11213, 82453, 
19, LithDens, 0, 0, 501, 1142, 
19, NOFX_R_SEED, 0, 0, 11356, 83751, 
19, NOFX_NOR_SEED, 0, 0, 0, 79115, 
19, PiceBrew, 0, 0, 0, 8, 
19, PiceSitc, 0, 0, 0, 0, 
19, PinuAlbi, 0, 0, 0, 1, 
19, PinuAtte, 0, 0, 0, 377, 
19, PinuCont, 0, 0, 0, 637, 
19, PinuJeff, 0, 0, 0, 2454, 
19, PinuLamb, 0, 0, 0, 8899, 
19, PinuMont, 0, 0, 0, 1549, 
19, PinuPond, 0, 0, 0, 3006, 
19, PseuMenz, 0, 0, 0, 21557, 
19, QuerChry, 0, 0, 3972, 12022, 
19, QuerDoug, 0, 0, 48, 375, 
19, QuerKell, 0, 0, 2753, 4227, 
19, QuerGarr, 0, 0, 1023, 523, 
19, SequSemp, 0, 0, 0, 0, 
19, TaxuBrev, 0, 0, 35, 1, 
19, TsugMert, 0, 0, 0, 0, 
20, AbieAmab, 0, 0, 0, 37, 
20, AbieGran, 0, 0, 0, 994, 
20, AbieMagn, 0, 0, 0, 864, 
20, AcerMacr, 0, 0, 1709, 7582, 
20, AlnuRhom, 0, 0, 47, 57, 
20, AlnuRubr, 0, 0, 331, 434, 
20, ArbuMenz, 0, 0, 8650, 15520, 
20, CaloDecu, 279414, 0, 0, 5361, 
20, ChamNoot, 0, 0, 0, 4, 
20, ChryChry, 0, 0, 5557, 1406, 
20, FX_R_SEED, 0, 0, 23702, 69666, 
20, LithDens, 0, 0, 4920, 4376, 
20, NOFX_R_SEED, 0, 0, 24049, 70464, 
20, NOFX_NOR_SEED, 0, 0, 0, 63900, 
20, PiceBrew, 0, 0, 0, 177, 
20, PiceSitc, 0, 0, 0, 0, 
20, PinuAlbi, 0, 0, 0, 0, 
20, PinuAtte, 0, 69, 0, 696, 
20, PinuCont, 0, 0, 0, 968, 
20, PinuJeff, 0, 0, 0, 2405, 
20, PinuLamb, 0, 0, 0, 8063, 
20, PinuMont, 0, 0, 0, 2130, 
20, PinuPond, 0, 0, 0, 3119, 
20, PseuMenz, 284537, 0, 0, 17793, 
20, QuerChry, 0, 0, 7105, 10015, 
20, QuerDoug, 0, 0, 67, 180, 
20, QuerKell, 0, 0, 4470, 3428, 
20, QuerGarr, 0, 0, 1226, 279, 
20, SequSemp, 0, 0, 0, 0, 
20, TaxuBrev, 0, 0, 79, 70, 
20, TsugMert, 0, 0, 0, 0, 
21, AbieAmab, 0, 0, 0, 36, 
21, AbieGran, 0, 0, 0, 1001, 
21, AbieMagn, 0, 0, 0, 311, 
21, AcerMacr, 0, 0, 997, 5042, 
21, AlnuRhom, 0, 0, 11, 26, 
21, AlnuRubr, 0, 0, 225, 210, 
21, ArbuMenz, 0, 0, 5952, 10712, 
21, CaloDecu, 0, 0, 0, 3057, 
21, ChamNoot, 0, 0, 0, 1, 
21, ChryChry, 0, 0, 1088, 799, 
21, FX_R_SEED, 0, 0, 10492, 94100, 
21, LithDens, 0, 0, 2817, 2746, 
21, NOFX_R_SEED, 0, 0, 11598, 95295, 
21, NOFX_NOR_SEED, 0, 0, 0, 89981, 
21, PiceBrew, 0, 0, 0, 24, 
21, PiceSitc, 0, 0, 0, 0, 
21, PinuAlbi, 0, 0, 0, 0, 
21, PinuAtte, 0, 33, 0, 273, 
21, PinuCont, 0, 0, 0, 251, 
21, PinuJeff, 0, 0, 0, 1509, 
21, PinuLamb, 0, 0, 0, 5025, 
21, PinuMont, 0, 0, 0, 850, 
21, PinuPond, 0, 0, 0, 1658, 
21, PseuMenz, 0, 0, 0, 10985, 
21, QuerChry, 0, 0, 8434, 8845, 
21, QuerDoug, 0, 0, 121, 472, 
21, QuerKell, 0, 0, 2519, 2678, 
21, QuerGarr, 0, 0, 640, 383, 
21, SequSemp, 0, 0, 0, 2, 
21, TaxuBrev, 0, 0, 3, 23, 
21, TsugMert, 0, 0, 0, 0, 
22, AbieAmab, 0, 0, 0, 11, 
22, AbieGran, 0, 0, 0, 2077, 
22, AbieMagn, 0, 0, 0, 64, 
22, AcerMacr, 0, 0, 355, 7585, 
22, AlnuRhom, 0, 0, 1, 63, 
22, AlnuRubr, 0, 0, 17, 1036, 
22, ArbuMenz, 0, 0, 1297, 15579, 
22, CaloDecu, 0, 0, 0, 2419, 
22, ChamNoot, 0, 0, 0, 0, 
22, ChryChry, 0, 0, 594, 4625, 
22, FX_R_SEED, 0, 0, 3042, 103561, 
22, LithDens, 0, 0, 789, 17074, 
22, NOFX_R_SEED, 0, 0, 3070, 105376, 
22, NOFX_NOR_SEED, 0, 0, 0, 102245, 
22, PiceBrew, 0, 0, 0, 235, 
22, PiceSitc, 0, 0, 0, 17, 
22, PinuAlbi, 0, 0, 0, 0, 
22, PinuAtte, 0, 29, 0, 809, 
22, PinuCont, 0, 0, 0, 311, 
22, PinuJeff, 0, 0, 0, 1594, 
22, PinuLamb, 0, 0, 0, 4606, 
22, PinuMont, 0, 0, 0, 1055, 
22, PinuPond, 0, 0, 0, 879, 
22, PseuMenz, 0, 0, 0, 17633, 
22, QuerChry, 0, 0, 1115, 9387, 
22, QuerDoug, 0, 0, 1, 533, 
22, QuerKell, 0, 0, 1179, 2083, 
22, QuerGarr, 0, 0, 30, 486, 
22, SequSemp, 0, 0, 0, 750, 
22, TaxuBrev, 0, 0, 2, 796, 
22, TsugMert, 0, 0, 0, 0, 
23, AbieAmab, 0, 0, 0, 114, 
23, AbieGran, 0, 0, 0, 3003, 
23, AbieMagn, 0, 0, 0, 1042, 
23, AcerMacr, 0, 0, 1, 16988, 
23, AlnuRhom, 0, 0, 0, 155, 
23, AlnuRubr, 0, 0, 0, 894, 
23, ArbuMenz, 0, 0, 2, 38119, 
23, CaloDecu, 0, 0, 0, 12503, 
23, ChamNoot, 0, 0, 0, 6, 
23, ChryChry, 0, 0, 0, 2414, 
23, FX_R_SEED, 0, 0, 10, 110058, 
23, LithDens, 0, 0, 1, 6301, 
23, NOFX_R_SEED, 0, 0, 13, 111386, 
23, NOFX_NOR_SEED, 0, 0, 0, 110620, 
23, PiceBrew, 0, 0, 0, 321, 
23, PiceSitc, 0, 0, 0, 0, 
23, PinuAlbi, 0, 0, 0, 2, 
23, PinuAtte, 0, 0, 0, 813, 
23, PinuCont, 0, 0, 0, 1247, 
23, PinuJeff, 0, 0, 0, 4150, 
23, PinuLamb, 0, 0, 0, 23042, 
23, PinuMont, 0, 0, 0, 2511, 
23, PinuPond, 0, 0, 0, 9039, 
23, PseuMenz, 0, 0, 0, 42859, 
23, QuerChry, 0, 0, 3, 25882, 
23, QuerDoug, 0, 0, 0, 1600, 
23, QuerKell, 0, 0, 2, 12282, 
23, QuerGarr, 0, 0, 0, 1567, 
23, SequSemp, 0, 0, 0, 1, 
23, TaxuBrev, 0, 0, 0, 161, 
23, TsugMert, 0, 0, 0, 0, 
24, AbieAmab, 0, 0, 0, 101, 
24, AbieGran, 0, 0, 0, 2428, 
24, AbieMagn, 0, 0, 0, 3931, 
24, AcerMacr, 0, 0, 870, 16038, 
24, AlnuRhom, 0, 0, 2, 144, 
24, AlnuRubr, 0, 0, 162, 604, 
24, ArbuMenz, 0, 0, 4204, 38828, 
24, CaloDecu, 0, 0, 0, 16365, 
24, ChamNoot, 0, 0, 0, 2, 
24, ChryChry, 0, 0, 2949, 1323, 
24, FX_R_SEED, 0, 0, 10973, 105708, 
24, LithDens, 0, 0, 3515, 4242, 
24, NOFX_R_SEED, 0, 0, 11331, 106786, 
24, NOFX_NOR_SEED, 0, 0, 0, 106022, 
24, PiceBrew, 0, 0, 0, 441, 
24, PiceSitc, 0, 0, 0, 0, 
24, PinuAlbi, 0, 0, 0, 21, 
24, PinuAtte, 0, 26, 0, 692, 
24, PinuCont, 0, 0, 0, 2795, 
24, PinuJeff, 0, 0, 0, 5399, 
24, PinuLamb, 0, 0, 0, 29675, 
24, PinuMont, 0, 0, 0, 4922, 
24, PinuPond, 0, 0, 0, 14422, 
24, PseuMenz, 0, 0, 0, 48521, 
24, QuerChry, 0, 0, 3203, 28738, 
24, QuerDoug, 0, 0, 78, 1362, 
24, QuerKell, 0, 0, 2378, 13788, 
24, QuerGarr, 0, 0, 239, 1907, 
24, SequSemp, 0, 0, 0, 1, 
24, TaxuBrev, 0, 0, 54, 240, 
24, TsugMert, 0, 0, 0, 0, 
25, AbieAmab, 0, 0, 0, 13, 
25, AbieGran, 0, 0, 0, 932, 
25, AbieMagn, 0, 0, 0, 158, 
25, AcerMacr, 0, 0, 432, 6262, 
25, AlnuRhom, 0, 0, 5, 5, 
25, AlnuRubr, 0, 0, 49, 32, 
25, ArbuMenz, 0, 0, 3045, 11159, 
25, CaloDecu, 278468, 0, 0, 3679, 
25, ChamNoot, 0, 0, 0, 0, 
25, ChryChry, 0, 0, 1607, 259, 
25, FX_R_SEED, 0, 0, 14027, 55559, 
25, LithDens, 0, 0, 1677, 1870, 
25, NOFX_R_SEED, 0, 0, 14192, 56061, 
25, NOFX_NOR_SEED, 0, 0, 0, 56334, 
25, PiceBrew, 0, 0, 0, 0, 
25, PiceSitc, 0, 0, 0, 0, 
25, PinuAlbi, 0, 0, 0, 0, 
25, PinuAtte, 0, 0, 0, 279, 
25, PinuCont, 0, 0, 0, 283, 
25, PinuJeff, 0, 0, 0, 1450, 
25, PinuLamb, 0, 0, 0, 4839, 
25, PinuMont, 0, 0, 0, 743, 
25, PinuPond, 0, 0, 0, 1535, 
25, PseuMenz, 283600, 0, 0, 11727, 
25, QuerChry, 0, 0, 4077, 7522, 
25, QuerDoug, 0, 0, 30, 216, 
25, QuerKell, 0, 0, 1545, 1778, 
25, QuerGarr, 0, 0, 260, 209, 
25, SequSemp, 0, 0, 0, 0, 
25, TaxuBrev, 0, 0, 33, 22, 
25, TsugMert, 0, 0, 0, 0, 
26, AbieAmab, 0, 0, 0, 27, 
26, AbieGran, 0, 0, 0, 1983, 
26, AbieMagn, 0, 0, 0, 229, 
26, AcerMacr, 0, 0, 2, 12398, 
26, AlnuRhom, 0, 0, 0, 119, 
26, AlnuRubr, 0, 0, 1, 1242, 
26, ArbuMenz, 0, 0, 46, 25084, 
26, CaloDecu, 0, 0, 0, 6261, 
26, ChamNoot, 0, 0, 0, 0, 
26, ChryChry, 0, 0, 17, 3201, 
26, FX_R_SEED, 0, 0, 1448, 106779, 
26, LithDens, 0, 0, 4, 9456, 
26, NOFX_R_SEED, 0, 0, 1420, 107839, 
26, NOFX_NOR_SEED, 0, 0, 0, 110716, 
26, PiceBrew, 0, 0, 0, 288, 
26, PiceSitc, 0, 0, 0, 0, 
26, PinuAlbi, 0, 0, 0, 0, 
26, PinuAtte, 0, 0, 0, 786, 
26, PinuCont, 0, 0, 0, 508, 
26, PinuJeff, 0, 0, 0, 2524, 
26, PinuLamb, 0, 0, 0, 12485, 
26, PinuMont, 0, 0, 0, 1542, 
26, PinuPond, 0, 0, 0, 3695, 
26, PseuMenz, 0, 0, 0, 26743, 
26, QuerChry, 0, 0, 74, 17659, 
26, QuerDoug, 0, 0, 3, 1090, 
26, QuerKell, 0, 0, 38, 6127, 
26, QuerGarr, 0, 0, 26, 794, 
26, SequSemp, 0, 0, 0, 101, 
26, TaxuBrev, 0, 0, 2, 454, 
26, TsugMert, 0, 0, 0, 0, 
27, AbieAmab, 0, 0, 0, 6, 
27, AbieGran, 0, 0, 0, 18, 
27, AbieMagn, 0, 0, 0, 274, 
27, AcerMacr, 0, 0, 1493, 716, 
27, AlnuRhom, 0, 0, 2, 9, 
27, AlnuRubr, 0, 0, 80, 45, 
27, ArbuMenz, 0, 0, 6966, 1191, 
27, CaloDecu, 0, 0, 0, 615, 
27, ChamNoot, 0, 0, 0, 0, 
27, ChryChry, 0, 0, 1860, 159, 
27, FX_R_SEED, 0, 0, 22583, 71574, 
27, LithDens, 0, 0, 3430, 2820, 
27, NOFX_R_SEED, 0, 0, 23022, 72052, 
27, NOFX_NOR_SEED, 0, 0, 0, 79523, 
27, PiceBrew, 0, 0, 0, 22, 
27, PiceSitc, 0, 0, 0, 0, 
27, PinuAlbi, 0, 0, 0, 0, 
27, PinuAtte, 0, 0, 0, 36, 
27, PinuCont, 0, 0, 0, 79, 
27, PinuJeff, 0, 0, 0, 202, 
27, PinuLamb, 0, 0, 0, 860, 
27, PinuMont, 0, 0, 0, 278, 
27, PinuPond, 0, 0, 0, 392, 
27, PseuMenz, 0, 0, 0, 1315, 
27, QuerChry, 0, 0, 9150, 1377, 
27, QuerDoug, 0, 0, 92, 53, 
27, QuerKell, 0, 0, 4469, 360, 
27, QuerGarr, 0, 0, 644, 17, 
27, SequSemp, 0, 0, 0, 2, 
27, TaxuBrev, 0, 0, 9, 2, 
27, TsugMert, 0, 0, 0, 0, 
28, AbieAmab, 0, 0, 0, 93, 
28, AbieGran, 0, 0, 0, 1907, 
28, AbieMagn, 0, 0, 0, 695, 
28, AcerMacr, 0, 0, 12, 12925, 
28, AlnuRhom, 0, 0, 0, 150, 
28, AlnuRubr, 0, 0, 3, 1155, 
28, ArbuMenz, 0, 0, 81, 26782, 
28, CaloDecu, 0, 0, 0, 7688, 
28, ChamNoot, 0, 0, 0, 5, 
28, ChryChry, 0, 0, 9, 2675, 
28, FX_R_SEED, 0, 0, 2287, 97517, 
28, LithDens, 0, 0, 1, 8849, 
28, NOFX_R_SEED, 0, 0, 2297, 98821, 
28, NOFX_NOR_SEED, 0, 0, 0, 106640, 
28, PiceBrew, 0, 0, 0, 468, 
28, PiceSitc, 0, 0, 0, 0, 
28, PinuAlbi, 0, 0, 0, 0, 
28, PinuAtte, 0, 0, 0, 810, 
28, PinuCont, 0, 0, 0, 980, 
28, PinuJeff, 0, 0, 0, 2973, 
28, PinuLamb, 0, 0, 0, 12837, 
28, PinuMont, 0, 0, 0, 2233, 
28, PinuPond, 0, 0, 0, 3806, 
28, PseuMenz, 0, 0, 0, 28756, 
28, QuerChry, 0, 0, 96, 16424, 
28, QuerDoug, 0, 0, 1, 613, 
28, QuerKell, 0, 0, 121, 4279, 
28, QuerGarr, 0, 0, 92, 517, 
28, SequSemp, 0, 0, 0, 3, 
28, TaxuBrev, 0, 0, 1, 442, 
28, TsugMert, 0, 0, 0, 0, 
29, AbieAmab, 0, 0, 0, 169, 
29, AbieGran, 0, 0, 0, 2450, 
29, AbieMagn, 0, 0, 0, 2604, 
29, AcerMacr, 0, 0, 55, 17953, 
29, AlnuRhom, 0, 0, 0, 148, 
29, AlnuRubr, 0, 0, 0, 1497, 
29, ArbuMenz, 0, 0, 379, 38389, 
29, CaloDecu, 0, 0, 0, 11629, 
29, ChamNoot, 0, 0, 0, 7, 
29, ChryChry, 0, 0, 38, 2819, 
29, FX_R_SEED, 0, 0, 492, 98690, 
29, LithDens, 0, 0, 154, 8795, 
29, NOFX_R_SEED, 0, 0, 540, 99013, 
29, NOFX_NOR_SEED, 0, 0, 0, 109890, 
29, PiceBrew, 0, 0, 0, 681, 
29, PiceSitc, 0, 0, 0, 0, 
29, PinuAlbi, 0, 0, 0, 3, 
29, PinuAtte, 0, 0, 0, 1018, 
29, PinuCont, 0, 0, 0, 1752, 
29, PinuJeff, 0, 0, 0, 4132, 
29, PinuLamb, 0, 0, 0, 21140, 
29, PinuMont, 0, 0, 0, 4507, 
29, PinuPond, 0, 0, 0, 6939, 
29, PseuMenz, 0, 0, 0, 43227, 
29, QuerChry, 0, 0, 224, 22415, 
29, QuerDoug, 0, 0, 0, 712, 
29, QuerKell, 0, 0, 143, 6595, 
29, QuerGarr, 0, 0, 10, 745, 
29, SequSemp, 0, 0, 0, 8, 
29, TaxuBrev, 0, 0, 0, 260, 
29, TsugMert, 0, 0, 0, 0, 
30, AbieAmab, 0, 0, 0, 67, 
30, AbieGran, 0, 0, 0, 493, 
30, AbieMagn, 0, 0, 0, 201, 
30, AcerMacr, 0, 0, 1313, 4962, 
30, AlnuRhom, 0, 0, 48, 93, 
30, AlnuRubr, 0, 0, 88, 868, 
30, ArbuMenz, 0, 0, 5426, 7173, 
30, CaloDecu, 277239, 0, 0, 2882, 
30, ChamNoot, 0, 0, 0, 10, 
30, ChryChry, 0, 0, 583, 1957, 
30, FX_R_SEED, 0, 0, 29718, 56453, 
30, LithDens, 0, 0, 2115, 8142, 
30, NOFX_R_SEED, 0, 0, 29927, 56890, 
30, NOFX_NOR_SEED, 0, 0, 0, 65124, 
30, PiceBrew, 0, 0, 0, 283, 
30, PiceSitc, 0, 0, 0, 0, 
30, PinuAlbi, 0, 0, 0, 0, 
30, PinuAtte, 0, 0, 0, 270, 
30, PinuCont, 0, 0, 0, 260, 
30, PinuJeff, 0, 0, 0, 882, 
30, PinuLamb, 0, 0, 0, 3503, 
30, PinuMont, 0, 0, 0, 869, 
30, PinuPond, 0, 0, 0, 926, 
30, PseuMenz, 282308, 0, 0, 7322, 
30, QuerChry, 0, 0, 12421, 5287, 
30, QuerDoug, 0, 0, 1086, 142, 
30, QuerKell, 0, 0, 8625, 1196, 
30, QuerGarr, 0, 0, 1644, 65, 
30, SequSemp, 0, 0, 0, 57, 
30, TaxuBrev, 0, 0, 0, 255, 
30, TsugMert, 0, 0, 0, 0, 
31, AbieAmab, 0, 0, 0, 57, 
31, AbieGran, 0, 0, 0, 153, 
31, AbieMagn, 0, 0, 0, 68, 
31, AcerMacr, 0, 0, 253, 3232, 
31, AlnuRhom, 0, 0, 0, 26, 
31, AlnuRubr, 0, 0, 26, 261, 
31, ArbuMenz, 0, 0, 1782, 3693, 
31, CaloDecu, 0, 0, 0, 1448, 
31, ChamNoot, 0, 0, 0, 1, 
31, ChryChry, 0, 0, 1866, 740, 
31, FX_R_SEED, 0, 0, 10839, 68593, 
31, LithDens, 0, 0, 692, 6192, 
31, NOFX_R_SEED, 0, 0, 10705, 69442, 
31, NOFX_NOR_SEED, 0, 0, 0, 81020, 
31, PiceBrew, 0, 0, 0, 99, 
31, PiceSitc, 0, 0, 0, 0, 
31, PinuAlbi, 0, 0, 0, 0, 
31, PinuAtte, 0, 0, 0, 113, 
31, PinuCont, 0, 0, 0, 44, 
31, PinuJeff, 0, 0, 0, 488, 
31, PinuLamb, 0, 0, 0, 1725, 
31, PinuMont, 0, 0, 0, 399, 
31, PinuPond, 0, 0, 0, 257, 
31, PseuMenz, 0, 0, 0, 3616, 
31, QuerChry, 0, 0, 1433, 3302, 
31, QuerDoug, 0, 0, 30, 99, 
31, QuerKell, 0, 0, 1083, 665, 
31, QuerGarr, 0, 0, 288, 34, 
31, SequSemp, 0, 0, 0, 64, 
31, TaxuBrev, 0, 0, 36, 6, 
31, TsugMert, 0, 0, 0, 0, 
32, AbieAmab, 0, 0, 0, 24, 
32, AbieGran, 0, 0, 0, 574, 
32, AbieMagn, 0, 0, 0, 29, 
32, AcerMacr, 0, 0, 0, 5209, 
32, AlnuRhom, 0, 0, 0, 52, 
32, AlnuRubr, 0, 0, 0, 602, 
32, ArbuMenz, 0, 0, 1, 7947, 
32, CaloDecu, 0, 0, 0, 2265, 
32, ChamNoot, 0, 0, 0, 0, 
32, ChryChry, 0, 0, 1, 2360, 
32, FX_R_SEED, 0, 0, 6, 86486, 
32, LithDens, 0, 0, 0, 9741, 
32, NOFX_R_SEED, 0, 0, 5, 87264, 
32, NOFX_NOR_SEED, 0, 0, 0, 101126, 
32, PiceBrew, 0, 0, 0, 170, 
32, PiceSitc, 0, 0, 0, 0, 
32, PinuAlbi, 0, 0, 0, 0, 
32, PinuAtte, 0, 0, 0, 277, 
32, PinuCont, 0, 0, 0, 85, 
32, PinuJeff, 0, 0, 0, 887, 
32, PinuLamb, 0, 0, 0, 2982, 
32, PinuMont, 0, 0, 0, 425, 
32, PinuPond, 0, 0, 0, 568, 
32, PseuMenz, 0, 0, 0, 7613, 
32, QuerChry, 0, 0, 2, 6513, 
32, QuerDoug, 0, 0, 0, 295, 
32, QuerKell, 0, 0, 3, 1396, 
32, QuerGarr, 0, 0, 0, 109, 
32, SequSemp, 0, 0, 0, 135, 
32, TaxuBrev, 0, 0, 0, 172, 
32, TsugMert, 0, 0, 0, 0, 
33, AbieAmab, 0, 0, 0, 115, 
33, AbieGran, 0, 0, 0, 679, 
33, AbieMagn, 0, 0, 0, 2728, 
33, AcerMacr, 0, 0, 0, 6467, 
33, AlnuRhom, 0, 0, 0, 51, 
33, AlnuRubr, 0, 0, 0, 179, 
33, ArbuMenz, 0, 0, 1, 13287, 
33, CaloDecu, 0, 0, 0, 6738, 
33, ChamNoot, 0, 0, 0, 6, 
33, ChryChry, 0, 0, 0, 837, 
33, FX_R_SEED, 0, 0, 8, 78675, 
33, LithDens, 0, 0, 1, 4900, 
33, NOFX_R_SEED, 0, 0, 8, 79187, 
33, NOFX_NOR_SEED, 0, 0, 0, 97481, 
33, PiceBrew, 0, 0, 0, 232, 
33, PiceSitc, 0, 0, 0, 0, 
33, PinuAlbi, 0, 0, 0, 6, 
33, PinuAtte, 0, 0, 0, 146, 
33, PinuCont, 0, 0, 0, 1227, 
33, PinuJeff, 0, 0, 0, 1800, 
33, PinuLamb, 0, 0, 0, 10328, 
33, PinuMont, 0, 0, 0, 2996, 
33, PinuPond, 0, 0, 0, 5139, 
33, PseuMenz, 0, 0, 0, 15767, 
33, QuerChry, 0, 0, 0, 10889, 
33, QuerDoug, 0, 0, 0, 282, 
33, QuerKell, 0, 0, 0, 3680, 
33, QuerGarr, 0, 0, 0, 273, 
33, SequSemp, 0, 0, 0, 1, 
33, TaxuBrev, 0, 0, 0, 99, 
33, TsugMert, 0, 0, 0, 0, 
34, AbieAmab, 0, 0, 0, 184, 
34, AbieGran, 0, 0, 0, 1946, 
34, AbieMagn, 0, 0, 0, 2145, 
34, AcerMacr, 0, 0, 0, 12897, 
34, AlnuRhom, 0, 0, 0, 44, 
34, AlnuRubr, 0, 0, 0, 23, 
34, ArbuMenz, 0, 0, 1, 30006, 
34, CaloDecu, 0, 0, 0, 18068, 
34, ChamNoot, 0, 0, 0, 0, 
34, ChryChry, 0, 0, 0, 70, 
34, FX_R_SEED, 0, 0, 10, 56810, 
34, LithDens, 0, 0, 1, 195, 
34, NOFX_R_SEED, 0, 0, 12, 56786, 
34, NOFX_NOR_SEED, 0, 0, 0, 74394, 
34, PiceBrew, 0, 0, 0, 60, 
34, PiceSitc, 0, 0, 0, 0, 
34, PinuAlbi, 0, 0, 0, 2, 
34, PinuAtte, 0, 0, 0, 128, 
34, PinuCont, 0, 0, 0, 959, 
34, PinuJeff, 0, 0, 0, 3941, 
34, PinuLamb, 0, 0, 0, 22010, 
34, PinuMont, 0, 0, 0, 2297, 
34, PinuPond, 0, 0, 0, 9519, 
34, PseuMenz, 0, 0, 0, 35360, 
34, QuerChry, 0, 0, 2, 21795, 
34, QuerDoug, 0, 0, 0, 885, 
34, QuerKell, 0, 0, 0, 7610, 
34, QuerGarr, 0, 0, 0, 823, 
34, SequSemp, 0, 0, 0, 0, 
34, TaxuBrev, 0, 0, 0, 0, 
34, TsugMert, 0, 0, 0, 0, 
35, AbieAmab, 0, 0, 0, 111, 
35, AbieGran, 0, 0, 0, 754, 
35, AbieMagn, 0, 0, 0, 610, 
35, AcerMacr, 0, 0, 803, 9261, 
35, AlnuRhom, 0, 0, 10, 103, 
35, AlnuRubr, 0, 0, 98, 778, 
35, ArbuMenz, 0, 0, 4721, 16137, 
35, CaloDecu, 276914, 0, 0, 7542, 
35, ChamNoot, 0, 0, 0, 3, 
35, ChryChry, 0, 0, 1777, 1302, 
35, FX_R_SEED, 0, 0, 9755, 58126, 
35, LithDens, 0, 0, 2494, 4927, 
35, NOFX_R_SEED, 0, 0, 10068, 57863, 
35, NOFX_NOR_SEED, 0, 0, 0, 72873, 
35, PiceBrew, 0, 0, 0, 250, 
35, PiceSitc, 0, 0, 0, 0, 
35, PinuAlbi, 0, 0, 0, 0, 
35, PinuAtte, 0, 18, 0, 288, 
35, PinuCont, 0, 0, 0, 537, 
35, PinuJeff, 0, 0, 0, 2051, 
35, PinuLamb, 0, 0, 0, 8392, 
35, PinuMont, 0, 0, 0, 1405, 
35, PinuPond, 0, 0, 0, 2499, 
35, PseuMenz, 281929, 0, 0, 16533, 
35, QuerChry, 0, 0, 4298, 11271, 
35, QuerDoug, 0, 0, 31, 316, 
35, QuerKell, 0, 0, 1579, 2913, 
35, QuerGarr, 0, 0, 311, 151, 
35, SequSemp, 0, 0, 0, 1, 
35, TaxuBrev, 0, 0, 2, 242, 
35, TsugMert, 0, 0, 0, 0, 
36, AbieAmab, 0, 0, 0, 143, 
36, AbieGran, 0, 0, 0, 1246, 
36, AbieMagn, 0, 0, 0, 1136, 
36, AcerMacr, 0, 0, 30, 11723, 
36, AlnuRhom, 0, 0, 0, 14, 
36, AlnuRubr, 0, 0, 5, 32, 
36, ArbuMenz, 0, 0, 297, 22063, 
36, CaloDecu, 0, 0, 0, 12513, 
36, ChamNoot, 0, 0, 0, 0, 
36, ChryChry, 0, 0, 144, 206, 
36, FX_R_SEED, 0, 0, 2852, 57920, 
36, LithDens, 0, 0, 29, 1365, 
36, NOFX_R_SEED, 0, 0, 2886, 58132, 
36, NOFX_NOR_SEED, 0, 0, 0, 78558, 
36, PiceBrew, 0, 0, 0, 23, 
36, PiceSitc, 0, 0, 0, 0, 
36, PinuAlbi, 0, 0, 0, 0, 
36, PinuAtte, 0, 0, 0, 209, 
36, PinuCont, 0, 0, 0, 503, 
36, PinuJeff, 0, 0, 0, 2466, 
36, PinuLamb, 0, 0, 0, 11662, 
36, PinuMont, 0, 0, 0, 1715, 
36, PinuPond, 0, 0, 0, 3372, 
36, PseuMenz, 0, 0, 0, 23361, 
36, QuerChry, 0, 0, 220, 15320, 
36, QuerDoug, 0, 0, 18, 381, 
36, QuerKell, 0, 0, 274, 4094, 
36, QuerGarr, 0, 0, 89, 236, 
36, SequSemp, 0, 0, 0, 0, 
36, TaxuBrev, 0, 0, 0, 0, 
36, TsugMert, 0, 0, 0, 0, 
37, AbieAmab, 0, 0, 0, 72, 
37, AbieGran, 0, 0, 0, 642, 
37, AbieMagn, 0, 0, 0, 181, 
37, AcerMacr, 0, 0, 1210, 7243, 
37, AlnuRhom, 0, 0, 18, 50, 
37, AlnuRubr, 0, 0, 32, 456, 
37, ArbuMenz, 0, 0, 7451, 10705, 
37, CaloDecu, 0, 0, 0, 6909, 
37, ChamNoot, 0, 0, 0, 7, 
37, ChryChry, 0, 0, 1438, 1366, 
37, FX_R_SEED, 0, 0, 44216, 63992, 
37, LithDens, 0, 0, 2001, 8061, 
37, NOFX_R_SEED, 0, 0, 44038, 64312, 
37, NOFX_NOR_SEED, 0, 0, 0, 84216, 
37, PiceBrew, 0, 0, 0, 183, 
37, PiceSitc, 0, 0, 0, 0, 
37, PinuAlbi, 0, 0, 0, 0, 
37, PinuAtte, 0, 0, 0, 318, 
37, PinuCont, 0, 0, 0, 205, 
37, PinuJeff, 0, 0, 0, 1253, 
37, PinuLamb, 0, 0, 0, 4230, 
37, PinuMont, 0, 0, 0, 861, 
37, PinuPond, 0, 0, 0, 888, 
37, PseuMenz, 0, 0, 0, 10674, 
37, QuerChry, 0, 0, 13547, 8229, 
37, QuerDoug, 0, 0, 644, 292, 
37, QuerKell, 0, 0, 7866, 1735, 
37, QuerGarr, 0, 0, 1605, 150, 
37, SequSemp, 0, 0, 0, 3, 
37, TaxuBrev, 0, 0, 45, 133, 
37, TsugMert, 0, 0, 0, 0, 
38, AbieAmab, 0, 0, 0, 48, 
38, AbieGran, 0, 0, 0, 535, 
38, AbieMagn, 0, 0, 0, 187, 
38, AcerMacr, 0, 0, 26, 8553, 
38, AlnuRhom, 0, 0, 0, 15, 
38, AlnuRubr, 0, 0, 0, 84, 
38, ArbuMenz, 0, 0, 171, 13445, 
38, CaloDecu, 0, 0, 0, 8157, 
38, ChamNoot, 0, 0, 0, 0, 
38, ChryChry, 0, 0, 11, 344, 
38, FX_R_SEED, 0, 0, 730, 65494, 
38, LithDens, 0, 0, 20, 725, 
38, NOFX_R_SEED, 0, 0, 713, 65813, 
38, NOFX_NOR_SEED, 0, 0, 0, 83431, 
38, PiceBrew, 0, 0, 0, 15, 
38, PiceSitc, 0, 0, 0, 0, 
38, PinuAlbi, 0, 0, 0, 0, 
38, PinuAtte, 0, 0, 0, 252, 
38, PinuCont, 0, 0, 0, 286, 
38, PinuJeff, 0, 0, 0, 1458, 
38, PinuLamb, 0, 0, 0, 6886, 
38, PinuMont, 0, 0, 0, 947, 
38, PinuPond, 0, 0, 0, 1870, 
38, PseuMenz, 0, 0, 0, 13095, 
38, QuerChry, 0, 0, 268, 10553, 
38, QuerDoug, 0, 0, 8, 354, 
38, QuerKell, 0, 0, 158, 3049, 
38, QuerGarr, 0, 0, 12, 154, 
38, SequSemp, 0, 0, 0, 0, 
38, TaxuBrev, 0, 0, 0, 5, 
38, TsugMert, 0, 0, 0, 0, 
39, AbieAmab, 0, 0, 0, 68, 
39, AbieGran, 0, 0, 0, 123, 
39, AbieMagn, 0, 0, 0, 953, 
39, AcerMacr, 0, 0, 0, 4624, 
39, AlnuRhom, 0, 0, 0, 65, 
39, AlnuRubr, 0, 0, 0, 397, 
39, ArbuMenz, 0, 0, 5, 8285, 
39, CaloDecu, 0, 0, 0, 6235, 
39, ChamNoot, 0, 0, 0, 5, 
39, ChryChry, 0, 0, 1, 931, 
39, FX_R_SEED, 0, 0, 10, 71539, 
39, LithDens, 0, 0, 0, 6978, 
39, NOFX_R_SEED, 0, 0, 9, 71921, 
39, NOFX_NOR_SEED, 0, 0, 0, 90044, 
39, PiceBrew, 0, 0, 0, 173, 
39, PiceSitc, 0, 0, 0, 0, 
39, PinuAlbi, 0, 0, 0, 1, 
39, PinuAtte, 0, 0, 0, 145, 
39, PinuCont, 0, 0, 0, 640, 
39, PinuJeff, 0, 0, 0, 1338, 
39, PinuLamb, 0, 0, 0, 5980, 
39, PinuMont, 0, 0, 0, 1299, 
39, PinuPond, 0, 0, 0, 2436, 
39, PseuMenz, 0, 0, 0, 8912, 
39, QuerChry, 0, 0, 3, 7347, 
39, QuerDoug, 0, 0, 0, 218, 
39, QuerKell, 0, 0, 1, 2586, 
39, QuerGarr, 0, 0, 0, 113, 
39, SequSemp, 0, 0, 0, 4, 
39, TaxuBrev, 0, 0, 0, 132, 
39, TsugMert, 0, 0, 0, 0, 
40, AbieAmab, 0, 0, 0, 128, 
40, AbieGran, 0, 0, 0, 626, 
40, AbieMagn, 0, 0, 0, 2939, 
40, AcerMacr, 0, 0, 8, 8727, 
40, AlnuRhom, 0, 0, 3, 46, 
40, AlnuRubr, 0, 0, 38, 99, 
40, ArbuMenz, 0, 0, 880, 18992, 
40, CaloDecu, 275754, 0, 0, 10815, 
40, ChamNoot, 0, 0, 0, 1, 
40, ChryChry, 0, 0, 334, 472, 
40, FX_R_SEED, 0, 0, 3591, 48877, 
40, LithDens, 0, 0, 722, 2595, 
40, NOFX_R_SEED, 0, 0, 3700, 48935, 
40, NOFX_NOR_SEED, 0, 0, 0, 65306, 
40, PiceBrew, 0, 0, 0, 210, 
40, PiceSitc, 0, 0, 0, 0, 
40, PinuAlbi, 0, 0, 0, 4, 
40, PinuAtte, 0, 0, 0, 179, 
40, PinuCont, 0, 0, 0, 1146, 
40, PinuJeff, 0, 0, 0, 2287, 
40, PinuLamb, 0, 0, 0, 14019, 
40, PinuMont, 0, 0, 0, 3072, 
40, PinuPond, 0, 0, 0, 5513, 
40, PseuMenz, 280822, 0, 0, 20662, 
40, QuerChry, 0, 0, 1321, 15360, 
40, QuerDoug, 0, 0, 13, 793, 
40, QuerKell, 0, 0, 215, 5973, 
40, QuerGarr, 0, 0, 96, 361, 
40, SequSemp, 0, 0, 0, 3, 
40, TaxuBrev, 0, 0, 2, 1, 
40, TsugMert, 0, 0, 0, 0, 
41, AbieAmab, 0, 0, 0, 211, 
41, AbieGran, 0, 0, 0, 2117, 
41, AbieMagn, 0, 0, 0, 3392, 
41, AcerMacr, 0, 0, 673, 19629, 
41, AlnuRhom, 0, 0, 9, 174, 
41, AlnuRubr, 0, 0, 33, 902, 
41, ArbuMenz, 0, 0, 4106, 40760, 
41, CaloDecu, 0, 0, 0, 28850, 
41, ChamNoot, 0, 0, 0, 7, 
41, ChryChry, 0, 0, 1674, 1774, 
41, FX_R_SEED, 0, 0, 16715, 74787, 
41, LithDens, 0, 0, 1560, 6941, 
41, NOFX_R_SEED, 0, 0, 16948, 74824, 
41, NOFX_NOR_SEED, 0, 0, 0, 99380, 
41, PiceBrew, 0, 0, 0, 734, 
41, PiceSitc, 0, 0, 0, 0, 
41, PinuAlbi, 0, 0, 0, 3, 
41, PinuAtte, 0, 5, 0, 295, 
41, PinuCont, 0, 0, 0, 1548, 
41, PinuJeff, 0, 0, 0, 4226, 
41, PinuLamb, 0, 0, 0, 30414, 
41, PinuMont, 0, 0, 0, 3596, 
41, PinuPond, 0, 0, 0, 12234, 
41, PseuMenz, 0, 0, 0, 49089, 
41, QuerChry, 0, 0, 5327, 32832, 
41, QuerDoug, 0, 0, 70, 2342, 
41, QuerKell, 0, 0, 2678, 14899, 
41, QuerGarr, 0, 0, 673, 1313, 
41, SequSemp, 0, 0, 0, 7, 
41, TaxuBrev, 0, 0, 12, 223, 
41, TsugMert, 0, 0, 0, 0, 
42, AbieAmab, 0, 0, 0, 119, 
42, AbieGran, 0, 0, 0, 1702, 
42, AbieMagn, 0, 0, 0, 887, 
42, AcerMacr, 0, 0, 0, 16895, 
42, AlnuRhom, 0, 0, 0, 43, 
42, AlnuRubr, 0, 0, 1, 181, 
42, ArbuMenz, 0, 0, 1, 31458, 
42, CaloDecu, 0, 0, 0, 20520, 
42, ChamNoot, 0, 0, 0, 0, 
42, ChryChry, 0, 0, 0, 606, 
42, FX_R_SEED, 0, 0, 7, 65517, 
42, LithDens, 0, 0, 0, 1729, 
42, NOFX_R_SEED, 0, 0, 10, 65842, 
42, NOFX_NOR_SEED, 0, 0, 0, 88545, 
42, PiceBrew, 0, 0, 0, 145, 
42, PiceSitc, 0, 0, 0, 0, 
42, PinuAlbi, 0, 0, 0, 3, 
42, PinuAtte, 0, 0, 0, 301, 
42, PinuCont, 0, 0, 0, 582, 
42, PinuJeff, 0, 0, 0, 2861, 
42, PinuLamb, 0, 0, 0, 19146, 
42, PinuMont, 0, 0, 0, 1640, 
42, PinuPond, 0, 0, 0, 5823, 
42, PseuMenz, 0, 0, 0, 33512, 
42, QuerChry, 0, 0, 1, 22928, 
42, QuerDoug, 0, 0, 0, 1665, 
42, QuerKell, 0, 0, 0, 9088, 
42, QuerGarr, 0, 0, 0, 741, 
42, SequSemp, 0, 0, 0, 1, 
42, TaxuBrev, 0, 0, 0, 9, 
42, TsugMert, 0, 0, 0, 0, 
43, AbieAmab, 0, 0, 0, 92, 
43, AbieGran, 0, 0, 0, 741, 
43, AbieMagn, 0, 0, 0, 1004, 
43, AcerMacr, 0, 0, 458, 6406, 
43, AlnuRhom, 0, 0, 0, 27, 
43, AlnuRubr, 0, 0, 17, 96, 
43, ArbuMenz, 0, 0, 2380, 9907, 
43, CaloDecu, 0, 0, 0, 8912, 
43, ChamNoot, 0, 0, 0, 0, 
43, ChryChry, 0, 0, 828, 375, 
43, FX_R_SEED, 0, 0, 17028, 51450, 
43, LithDens, 0, 0, 662, 2160, 
43, NOFX_R_SEED, 0, 0, 16830, 51782, 
43, NOFX_NOR_SEED, 0, 0, 0, 75591, 
43, PiceBrew, 0, 0, 0, 55, 
43, PiceSitc, 0, 0, 0, 0, 
43, PinuAlbi, 0, 0, 0, 1, 
43, PinuAtte, 0, 0, 0, 94, 
43, PinuCont, 0, 0, 0, 463, 
43, PinuJeff, 0, 0, 0, 1099, 
43, PinuLamb, 0, 0, 0, 6221, 
43, PinuMont, 0, 0, 0, 1097, 
43, PinuPond, 0, 0, 0, 2368, 
43, PseuMenz, 0, 0, 0, 10525, 
43, QuerChry, 0, 0, 3465, 9899, 
43, QuerDoug, 0, 0, 67, 407, 
43, QuerKell, 0, 0, 1885, 3034, 
43, QuerGarr, 0, 0, 260, 194, 
43, SequSemp, 0, 0, 0, 0, 
43, TaxuBrev, 0, 0, 22, 0, 
43, TsugMert, 0, 0, 0, 0, 
44, AbieAmab, 0, 0, 0, 1, 
44, AbieGran, 0, 0, 0, 408, 
44, AbieMagn, 0, 0, 0, 5, 
44, AcerMacr, 0, 0, 1280, 2654, 
44, AlnuRhom, 0, 0, 3, 3, 
44, AlnuRubr, 0, 0, 22, 34, 
44, ArbuMenz, 0, 0, 5071, 3317, 
44, CaloDecu, 0, 0, 0, 3145, 
44, ChamNoot, 0, 0, 0, 0, 
44, ChryChry, 0, 0, 363, 879, 
44, FX_R_SEED, 0, 0, 10481, 55262, 
44, LithDens, 0, 0, 1358, 6573, 
44, NOFX_R_SEED, 0, 0, 10479, 55793, 
44, NOFX_NOR_SEED, 0, 0, 0, 73838, 
44, PiceBrew, 0, 0, 0, 0, 
44, PiceSitc, 0, 0, 0, 0, 
44, PinuAlbi, 0, 0, 0, 0, 
44, PinuAtte, 0, 11, 0, 61, 
44, PinuCont, 0, 0, 0, 16, 
44, PinuJeff, 0, 0, 0, 361, 
44, PinuLamb, 0, 0, 0, 803, 
44, PinuMont, 0, 0, 0, 142, 
44, PinuPond, 0, 0, 0, 215, 
44, PseuMenz, 0, 0, 0, 3266, 
44, QuerChry, 0, 0, 9322, 3491, 
44, QuerDoug, 0, 0, 130, 208, 
44, QuerKell, 0, 0, 4960, 688, 
44, QuerGarr, 0, 0, 626, 96, 
44, SequSemp, 0, 0, 0, 0, 
44, TaxuBrev, 0, 0, 3, 32, 
44, TsugMert, 0, 0, 0, 0, 
45, AbieAmab, 0, 0, 0, 191, 
45, AbieGran, 0, 0, 0, 599, 
45, AbieMagn, 0, 0, 0, 721, 
45, AcerMacr, 0, 0, 67, 8667, 
45, AlnuRhom, 0, 0, 2, 43, 
45, AlnuRubr, 0, 0, 32, 149, 
45, ArbuMenz, 0, 0, 832, 15689, 
45, CaloDecu, 276589, 0, 0, 9941, 
45, ChamNoot, 0, 0, 0, 1, 
45, ChryChry, 0, 0, 304, 483, 
45, FX_R_SEED, 0, 0, 6589, 46285, 
45, LithDens, 0, 0, 747, 1692, 
45, NOFX_R_SEED, 0, 0, 7015, 46074, 
45, NOFX_NOR_SEED, 0, 0, 0, 61785, 
45, PiceBrew, 0, 0, 0, 40, 
45, PiceSitc, 0, 0, 0, 0, 
45, PinuAlbi, 0, 0, 0, 1, 
45, PinuAtte, 0, 0, 0, 152, 
45, PinuCont, 0, 0, 0, 602, 
45, PinuJeff, 0, 0, 0, 1849, 
45, PinuLamb, 0, 0, 0, 9887, 
45, PinuMont, 0, 0, 0, 1287, 
45, PinuPond, 0, 0, 0, 3554, 
45, PseuMenz, 281695, 0, 0, 15439, 
45, QuerChry, 0, 0, 1451, 13227, 
45, QuerDoug, 0, 0, 13, 977, 
45, QuerKell, 0, 0, 389, 5182, 
45, QuerGarr, 0, 0, 158, 247, 
45, SequSemp, 0, 0, 0, 0, 
45, TaxuBrev, 0, 0, 3, 4, 
45, TsugMert, 0, 0, 0, 0, 
46, AbieAmab, 0, 0, 0, 70, 
46, AbieGran, 0, 0, 0, 188, 
46, AbieMagn, 0, 0, 0, 399, 
46, AcerMacr, 0, 0, 0, 2326, 
46, AlnuRhom, 0, 0, 0, 1, 
46, AlnuRubr, 0, 0, 0, 3, 
46, ArbuMenz, 0, 0, 4, 3746, 
46, CaloDecu, 0, 0, 0, 3390, 
46, ChamNoot, 0, 0, 0, 0, 
46, ChryChry, 0, 0, 0, 35, 
46, FX_R_SEED, 0, 0, 16, 42590, 
46, LithDens, 0, 0, 2, 340, 
46, NOFX_R_SEED, 0, 0, 17, 42725, 
46, NOFX_NOR_SEED, 0, 0, 0, 61782, 
46, PiceBrew, 0, 0, 0, 1, 
46, PiceSitc, 0, 0, 0, 0, 
46, PinuAlbi, 0, 0, 0, 0, 
46, PinuAtte, 0, 0, 0, 18, 
46, PinuCont, 0, 0, 0, 98, 
46, PinuJeff, 0, 0, 0, 436, 
46, PinuLamb, 0, 0, 0, 2562, 
46, PinuMont, 0, 0, 0, 340, 
46, PinuPond, 0, 0, 0, 930, 
46, PseuMenz, 0, 0, 0, 3435, 
46, QuerChry, 0, 0, 4, 3541, 
46, QuerDoug, 0, 0, 0, 126, 
46, QuerKell, 0, 0, 3, 1381, 
46, QuerGarr, 0, 0, 1, 41, 
46, SequSemp, 0, 0, 0, 0, 
46, TaxuBrev, 0, 0, 0, 0, 
46, TsugMert, 0, 0, 0, 0, 
47, AbieAmab, 0, 0, 0, 164, 
47, AbieGran, 0, 0, 0, 1246, 
47, AbieMagn, 0, 0, 0, 1144, 
47, AcerMacr, 0, 0, 188, 11732, 
47, AlnuRhom, 0, 0, 0, 50, 
47, AlnuRubr, 0, 0, 2, 38, 
47, ArbuMenz, 0, 0, 1539, 23240, 
47, CaloDecu, 0, 0, 0, 16913, 
47, ChamNoot, 0, 0, 0, 0, 
47, ChryChry, 0, 0, 470, 166, 
47, FX_R_SEED, 0, 0, 2083, 50405, 
47, LithDens, 0, 0, 533, 661, 
47, NOFX_R_SEED, 0, 0, 2090, 50011, 
47, NOFX_NOR_SEED, 0, 0, 0, 73876, 
47, PiceBrew, 0, 0, 0, 4, 
47, PiceSitc, 0, 0, 0, 0, 
47, PinuAlbi, 0, 0, 0, 0, 
47, PinuAtte, 0, 0, 0, 98, 
47, PinuCont, 0, 0, 0, 867, 
47, PinuJeff, 0, 0, 0, 2419, 
47, PinuLamb, 0, 0, 0, 15668, 
47, PinuMont, 0, 0, 0, 1467, 
47, PinuPond, 0, 0, 0, 5532, 
47, PseuMenz, 0, 0, 0, 25465, 
47, QuerChry, 0, 0, 1922, 18386, 
47, QuerDoug, 0, 0, 27, 1481, 
47, QuerKell, 0, 0, 837, 7328, 
47, QuerGarr, 0, 0, 19, 411, 
47, SequSemp, 0, 0, 0, 0, 
47, TaxuBrev, 0, 0, 0, 0, 
47, TsugMert, 0, 0, 0, 0, 
48, AbieAmab, 0, 0, 0, 158, 
48, AbieGran, 0, 0, 0, 1083, 
48, AbieMagn, 0, 0, 0, 530, 
48, AcerMacr, 0, 0, 205, 10347, 
48, AlnuRhom, 0, 0, 6, 44, 
48, AlnuRubr, 0, 0, 29, 417, 
48, ArbuMenz, 0, 0, 1738, 14804, 
48, CaloDecu, 0, 0, 0, 11847, 
48, ChamNoot, 0, 0, 0, 3, 
48, ChryChry, 0, 0, 733, 1424, 
48, FX_R_SEED, 0, 0, 14414, 59190, 
48, LithDens, 0, 0, 451, 6030, 
48, NOFX_R_SEED, 0, 0, 14499, 58900, 
48, NOFX_NOR_SEED, 0, 0, 0, 83167, 
48, PiceBrew, 0, 0, 0, 311, 
48, PiceSitc, 0, 0, 0, 0, 
48, PinuAlbi, 0, 0, 0, 0, 
48, PinuAtte, 0, 0, 0, 107, 
48, PinuCont, 0, 0, 0, 270, 
48, PinuJeff, 0, 0, 0, 1404, 
48, PinuLamb, 0, 0, 0, 7348, 
48, PinuMont, 0, 0, 0, 885, 
48, PinuPond, 0, 0, 0, 1849, 
48, PseuMenz, 0, 0, 0, 14356, 
48, QuerChry, 0, 0, 2201, 12188, 
48, QuerDoug, 0, 0, 58, 761, 
48, QuerKell, 0, 0, 964, 4002, 
48, QuerGarr, 0, 0, 199, 252, 
48, SequSemp, 0, 0, 0, 3, 
48, TaxuBrev, 0, 0, 11, 64, 
48, TsugMert, 0, 0, 0, 0, 
49, AbieAmab, 0, 0, 0, 202, 
49, AbieGran, 0, 0, 0, 1347, 
49, AbieMagn, 0, 0, 0, 2740, 
49, AcerMacr, 0, 0, 912, 13619, 
49, AlnuRhom, 0, 0, 0, 38, 
49, AlnuRubr, 0, 0, 59, 184, 
49, ArbuMenz, 0, 0, 2637, 27326, 
49, CaloDecu, 0, 0, 0, 19498, 
49, ChamNoot, 0, 0, 0, 0, 
49, ChryChry, 0, 0, 62, 635, 
49, FX_R_SEED, 0, 0, 970, 57077, 
49, LithDens, 0, 0, 1368, 3547, 
49, NOFX_R_SEED, 0, 0, 1135, 57669, 
49, NOFX_NOR_SEED, 0, 0, 0, 79713, 
49, PiceBrew, 0, 0, 0, 285, 
49, PiceSitc, 0, 0, 0, 0, 
49, PinuAlbi, 0, 0, 0, 5, 
49, PinuAtte, 0, 0, 0, 116, 
49, PinuCont, 0, 0, 0, 983, 
49, PinuJeff, 0, 0, 0, 2721, 
49, PinuLamb, 0, 0, 0, 19517, 
49, PinuMont, 0, 0, 0, 2747, 
49, PinuPond, 0, 0, 0, 5606, 
49, PseuMenz, 0, 0, 0, 29256, 
49, QuerChry, 0, 0, 3052, 20766, 
49, QuerDoug, 0, 0, 105, 946, 
49, QuerKell, 0, 0, 461, 8734, 
49, QuerGarr, 0, 0, 50, 437, 
49, SequSemp, 0, 0, 0, 0, 
49, TaxuBrev, 0, 0, 0, 2, 
49, TsugMert, 0, 0, 0, 0, 
50, AbieAmab, 0, 0, 0, 139, 
50, AbieGran, 0, 0, 0, 350, 
50, AbieMagn, 0, 0, 0, 362, 
50, AcerMacr, 0, 0, 7, 6276, 
50, AlnuRhom, 0, 0, 2, 1, 
50, AlnuRubr, 0, 0, 33, 10, 
50, ArbuMenz, 0, 0, 693, 9333, 
50, CaloDecu, 274961, 0, 0, 7213, 
50, ChamNoot, 0, 0, 0, 0, 
50, ChryChry, 0, 0, 234, 152, 
50, FX_R_SEED, 0, 0, 3387, 30069, 
50, LithDens, 0, 0, 725, 1362, 
50, NOFX_R_SEED, 0, 0, 3625, 30313, 
50, NOFX_NOR_SEED, 0, 0, 0, 44300, 
50, PiceBrew, 0, 0, 0, 8, 
50, PiceSitc, 0, 0, 0, 0, 
50, PinuAlbi, 0, 0, 0, 1, 
50, PinuAtte, 0, 0, 0, 75, 
50, PinuCont, 0, 0, 0, 152, 
50, PinuJeff, 0, 0, 0, 1087, 
50, PinuLamb, 0, 0, 0, 6049, 
50, PinuMont, 0, 0, 0, 623, 
50, PinuPond, 0, 0, 0, 1393, 
50, PseuMenz, 280196, 0, 0, 8777, 
50, QuerChry, 0, 0, 1186, 8444, 
50, QuerDoug, 0, 0, 4, 289, 
50, QuerKell, 0, 0, 127, 3410, 
50, QuerGarr, 0, 0, 140, 115, 
50, SequSemp, 0, 0, 0, 0, 
50, TaxuBrev, 0, 0, 0, 1, 
50, TsugMert, 0, 0, 0, 0, 
51, AbieAmab, 0, 0, 0, 53, 
51, AbieGran, 0, 0, 0, 261, 
51, AbieMagn, 0, 0, 0, 49, 
51, AcerMacr, 0, 0, 1223, 2259, 
51, AlnuRhom, 0, 0, 8, 2, 
51, AlnuRubr, 0, 0, 171, 12, 
51, ArbuMenz, 0, 0, 5118, 2093, 
51, CaloDecu, 0, 0, 0, 2075, 
51, ChamNoot, 0, 0, 1, 2, 
51, ChryChry, 0, 0, 3571, 185, 
51, FX_R_SEED, 0, 0, 12719, 41655, 
51, LithDens, 0, 0, 3218, 2199, 
51, NOFX_R_SEED, 0, 0, 12908, 41487, 
51, NOFX_NOR_SEED, 0, 0, 0, 59532, 
51, PiceBrew, 0, 0, 0, 29, 
51, PiceSitc, 0, 0, 0, 0, 
51, PinuAlbi, 0, 0, 0, 0, 
51, PinuAtte, 0, 2, 0, 12, 
51, PinuCont, 0, 0, 0, 8, 
51, PinuJeff, 0, 0, 0, 121, 
51, PinuLamb, 0, 0, 0, 889, 
51, PinuMont, 0, 0, 0, 67, 
51, PinuPond, 0, 0, 0, 71, 
51, PseuMenz, 0, 0, 0, 2027, 
51, QuerChry, 0, 0, 5033, 1684, 
51, QuerDoug, 0, 0, 11, 152, 
51, QuerKell, 0, 0, 3142, 503, 
51, QuerGarr, 0, 0, 172, 41, 
51, SequSemp, 0, 0, 0, 1, 
51, TaxuBrev, 0, 0, 12, 1, 
51, TsugMert, 0, 0, 0, 0, 
52, AbieAmab, 0, 0, 0, 194, 
52, AbieGran, 0, 0, 0, 835, 
52, AbieMagn, 0, 0, 0, 2949, 
52, AcerMacr, 0, 0, 2, 10382, 
52, AlnuRhom, 0, 0, 0, 34, 
52, AlnuRubr, 0, 0, 0, 49, 
52, ArbuMenz, 0, 0, 2, 25249, 
52, CaloDecu, 0, 0, 0, 18012, 
52, ChamNoot, 0, 0, 0, 0, 
52, ChryChry, 0, 0, 1, 159, 
52, FX_R_SEED, 0, 0, 11, 45421, 
52, LithDens, 0, 0, 0, 476, 
52, NOFX_R_SEED, 0, 0, 8, 45272, 
52, NOFX_NOR_SEED, 0, 0, 0, 66775, 
52, PiceBrew, 0, 0, 0, 199, 
52, PiceSitc, 0, 0, 0, 0, 
52, PinuAlbi, 0, 0, 0, 1, 
52, PinuAtte, 0, 0, 0, 85, 
52, PinuCont, 0, 0, 0, 1242, 
52, PinuJeff, 0, 0, 0, 2617, 
52, PinuLamb, 0, 0, 0, 19959, 
52, PinuMont, 0, 0, 0, 2595, 
52, PinuPond, 0, 0, 0, 6858, 
52, PseuMenz, 0, 0, 0, 28317, 
52, QuerChry, 0, 0, 1, 19174, 
52, QuerDoug, 0, 0, 0, 888, 
52, QuerKell, 0, 0, 2, 8587, 
52, QuerGarr, 0, 0, 0, 587, 
52, SequSemp, 0, 0, 0, 0, 
52, TaxuBrev, 0, 0, 0, 2, 
52, TsugMert, 0, 0, 0, 0, 
53, AbieAmab, 0, 0, 0, 135, 
53, AbieGran, 0, 0, 0, 447, 
53, AbieMagn, 0, 0, 0, 774, 
53, AcerMacr, 0, 0, 0, 6495, 
53, AlnuRhom, 0, 0, 0, 17, 
53, AlnuRubr, 0, 0, 0, 5, 
53, ArbuMenz, 0, 0, 4, 11451, 
53, CaloDecu, 0, 0, 0, 9170, 
53, ChamNoot, 0, 0, 0, 0, 
53, ChryChry, 0, 0, 0, 125, 
53, FX_R_SEED, 0, 0, 7, 36434, 
53, LithDens, 0, 0, 3, 261, 
53, NOFX_R_SEED, 0, 0, 11, 36795, 
53, NOFX_NOR_SEED, 0, 0, 0, 55185, 
53, PiceBrew, 0, 0, 0, 26, 
53, PiceSitc, 0, 0, 0, 0, 
53, PinuAlbi, 0, 0, 0, 0, 
53, PinuAtte, 0, 0, 0, 29, 
53, PinuCont, 0, 0, 0, 361, 
53, PinuJeff, 0, 0, 0, 1226, 
53, PinuLamb, 0, 0, 0, 6867, 
53, PinuMont, 0, 0, 0, 772, 
53, PinuPond, 0, 0, 0, 2097, 
53, PseuMenz, 0, 0, 0, 11009, 
53, QuerChry, 0, 0, 2, 9352, 
53, QuerDoug, 0, 0, 0, 254, 
53, QuerKell, 0, 0, 2, 3383, 
53, QuerGarr, 0, 0, 0, 139, 
53, SequSemp, 0, 0, 0, 0, 
53, TaxuBrev, 0, 0, 0, 4, 
53, TsugMert, 0, 0, 0, 0, 
54, AbieAmab, 0, 0, 0, 150, 
54, AbieGran, 0, 0, 0, 1411, 
54, AbieMagn, 0, 0, 0, 886, 
54, AcerMacr, 0, 0, 3, 14127, 
54, AlnuRhom, 0, 0, 0, 24, 
54, AlnuRubr, 0, 0, 0, 213, 
54, ArbuMenz, 0, 0, 2, 20011, 
54, CaloDecu, 0, 0, 0, 16610, 
54, ChamNoot, 0, 0, 0, 1, 
54, ChryChry, 0, 0, 0, 744, 
54, FX_R_SEED, 0, 0, 10, 52336, 
54, LithDens, 0, 0, 0, 4258, 
54, NOFX_R_SEED, 0, 0, 8, 52674, 
54, NOFX_NOR_SEED, 0, 0, 0, 74677, 
54, PiceBrew, 0, 0, 0, 82, 
54, PiceSitc, 0, 0, 0, 0, 
54, PinuAlbi, 0, 0, 0, 0, 
54, PinuAtte, 0, 0, 0, 111, 
54, PinuCont, 0, 0, 0, 359, 
54, PinuJeff, 0, 0, 0, 1532, 
54, PinuLamb, 0, 0, 0, 10025, 
54, PinuMont, 0, 0, 0, 967, 
54, PinuPond, 0, 0, 0, 2477, 
54, PseuMenz, 0, 0, 0, 19618, 
54, QuerChry, 0, 0, 3, 14631, 
54, QuerDoug, 0, 0, 0, 1021, 
54, QuerKell, 0, 0, 5, 5859, 
54, QuerGarr, 0, 0, 1, 448, 
54, SequSemp, 0, 0, 0, 5, 
54, TaxuBrev, 0, 0, 0, 26, 
54, TsugMert, 0, 0, 0, 0, 
55, AbieAmab, 0, 0, 0, 109, 
55, AbieGran, 0, 0, 0, 869, 
55, AbieMagn, 0, 0, 0, 1002, 
55, AcerMacr, 0, 0, 117, 9574, 
55, AlnuRhom, 0, 0, 13, 10, 
55, AlnuRubr, 0, 0, 64, 86, 
55, ArbuMenz, 0, 0, 1849, 14016, 
55, CaloDecu, 273455, 0, 0, 9575, 
55, ChamNoot, 0, 0, 0, 1, 
55, ChryChry, 0, 0, 625, 348, 
55, FX_R_SEED, 0, 0, 25394, 32352, 
55, LithDens, 0, 0, 819, 2207, 
55, NOFX_R_SEED, 0, 0, 25428, 32369, 
55, NOFX_NOR_SEED, 0, 0, 0, 49247, 
55, PiceBrew, 0, 0, 0, 92, 
55, PiceSitc, 0, 0, 0, 0, 
55, PinuAlbi, 0, 0, 0, 0, 
55, PinuAtte, 0, 0, 0, 74, 
55, PinuCont, 0, 0, 0, 141, 
55, PinuJeff, 0, 0, 0, 1252, 
55, PinuLamb, 0, 0, 0, 7964, 
55, PinuMont, 0, 0, 0, 894, 
55, PinuPond, 0, 0, 0, 1550, 
55, PseuMenz, 278513, 0, 0, 14046, 
55, QuerChry, 0, 0, 3176, 10567, 
55, QuerDoug, 0, 0, 26, 704, 
55, QuerKell, 0, 0, 1388, 4347, 
55, QuerGarr, 0, 0, 643, 217, 
55, SequSemp, 0, 0, 0, 0, 
55, TaxuBrev, 0, 0, 23, 6, 
55, TsugMert, 0, 0, 0, 0, 
56, AbieAmab, 0, 0, 0, 136, 
56, AbieGran, 0, 0, 0, 477, 
56, AbieMagn, 0, 0, 0, 1011, 
56, AcerMacr, 0, 0, 0, 5823, 
56, AlnuRhom, 0, 0, 0, 3, 
56, AlnuRubr, 0, 0, 0, 14, 
56, ArbuMenz, 0, 0, 1, 9775, 
56, CaloDecu, 0, 0, 0, 9483, 
56, ChamNoot, 0, 0, 0, 1, 
56, ChryChry, 0, 0, 2, 183, 
56, FX_R_SEED, 0, 0, 10, 39678, 
56, LithDens, 0, 0, 2, 450, 
56, NOFX_R_SEED, 0, 0, 10, 39780, 
56, NOFX_NOR_SEED, 0, 0, 0, 56841, 
56, PiceBrew, 0, 0, 0, 61, 
56, PiceSitc, 0, 0, 0, 0, 
56, PinuAlbi, 0, 0, 0, 0, 
56, PinuAtte, 0, 0, 0, 26, 
56, PinuCont, 0, 0, 0, 365, 
56, PinuJeff, 0, 0, 0, 907, 
56, PinuLamb, 0, 0, 0, 6498, 
56, PinuMont, 0, 0, 0, 755, 
56, PinuPond, 0, 0, 0, 1898, 
56, PseuMenz, 0, 0, 0, 9461, 
56, QuerChry, 0, 0, 1, 8835, 
56, QuerDoug, 0, 0, 0, 278, 
56, QuerKell, 0, 0, 0, 3264, 
56, QuerGarr, 0, 0, 1, 152, 
56, SequSemp, 0, 0, 0, 0, 
56, TaxuBrev, 0, 0, 0, 1, 
56, TsugMert, 0, 0, 0, 0, 
57, AbieAmab, 0, 0, 0, 157, 
57, AbieGran, 0, 0, 0, 365, 
57, AbieMagn, 0, 0, 0, 2143, 
57, AcerMacr, 0, 0, 3, 5953, 
57, AlnuRhom, 0, 0, 0, 12, 
57, AlnuRubr, 0, 0, 0, 13, 
57, ArbuMenz, 0, 0, 2, 13692, 
57, CaloDecu, 0, 0, 0, 10352, 
57, ChamNoot, 0, 0, 0, 0, 
57, ChryChry, 0, 0, 0, 91, 
57, FX_R_SEED, 0, 0, 9, 31925, 
57, LithDens, 0, 0, 2, 200, 
57, NOFX_R_SEED, 0, 0, 7, 31725, 
57, NOFX_NOR_SEED, 0, 0, 0, 46587, 
57, PiceBrew, 0, 0, 0, 176, 
57, PiceSitc, 0, 0, 0, 0, 
57, PinuAlbi, 0, 0, 0, 1, 
57, PinuAtte, 0, 0, 0, 22, 
57, PinuCont, 0, 0, 0, 631, 
57, PinuJeff, 0, 0, 0, 1265, 
57, PinuLamb, 0, 0, 0, 10220, 
57, PinuMont, 0, 0, 0, 1503, 
57, PinuPond, 0, 0, 0, 2958, 
57, PseuMenz, 0, 0, 0, 14260, 
57, QuerChry, 0, 0, 1, 9470, 
57, QuerDoug, 0, 0, 0, 187, 
57, QuerKell, 0, 0, 1, 4065, 
57, QuerGarr, 0, 0, 0, 162, 
57, SequSemp, 0, 0, 0, 0, 
57, TaxuBrev, 0, 0, 0, 2, 
57, TsugMert, 0, 0, 0, 0, 
58, AbieAmab, 0, 0, 0, 189, 
58, AbieGran, 0, 0, 0, 839, 
58, AbieMagn, 0, 0, 0, 1611, 
58, AcerMacr, 0, 0, 0, 9981, 
58, AlnuRhom, 0, 0, 0, 14, 
58, AlnuRubr, 0, 0, 0, 6, 
58, ArbuMenz, 0, 0, 23, 17552, 
58, CaloDecu, 0, 0, 0, 15821, 
58, ChamNoot, 0, 0, 0, 0, 
58, ChryChry, 0, 0, 5, 185, 
58, FX_R_SEED, 0, 0, 104, 38071, 
58, LithDens, 0, 0, 1, 369, 
58, NOFX_R_SEED, 0, 0, 136, 38119, 
58, NOFX_NOR_SEED, 0, 0, 0, 56621, 
58, PiceBrew, 0, 0, 0, 125, 
58, PiceSitc, 0, 0, 0, 0, 
58, PinuAlbi, 0, 0, 0, 1, 
58, PinuAtte, 0, 0, 0, 65, 
58, PinuCont, 0, 0, 0, 581, 
58, PinuJeff, 0, 0, 0, 1701, 
58, PinuLamb, 0, 0, 0, 11974, 
58, PinuMont, 0, 0, 0, 1273, 
58, PinuPond, 0, 0, 0, 3324, 
58, PseuMenz, 0, 0, 0, 18177, 
58, QuerChry, 0, 0, 10, 14159, 
58, QuerDoug, 0, 0, 0, 1068, 
58, QuerKell, 0, 0, 1, 5335, 
58, QuerGarr, 0, 0, 1, 265, 
58, SequSemp, 0, 0, 0, 0, 
58, TaxuBrev, 0, 0, 0, 2, 
58, TsugMert, 0, 0, 0, 0, 
59, AbieAmab, 0, 0, 0, 131, 
59, AbieGran, 0, 0, 0, 392, 
59, AbieMagn, 0, 0, 0, 387, 
59, AcerMacr, 0, 0, 1, 3746, 
59, AlnuRhom, 0, 0, 0, 2, 
59, AlnuRubr, 0, 0, 0, 9, 
59, ArbuMenz, 0, 0, 2, 5181, 
59, CaloDecu, 0, 0, 0, 5899, 
59, ChamNoot, 0, 0, 0, 0, 
59, ChryChry, 0, 0, 0, 75, 
59, FX_R_SEED, 0, 0, 8, 31633, 
59, LithDens, 0, 0, 2, 274, 
59, NOFX_R_SEED, 0, 0, 9, 31746, 
59, NOFX_NOR_SEED, 0, 0, 0, 47354, 
59, PiceBrew, 0, 0, 0, 3, 
59, PiceSitc, 0, 0, 0, 0, 
59, PinuAlbi, 0, 0, 0, 1, 
59, PinuAtte, 0, 0, 0, 7, 
59, PinuCont, 0, 0, 0, 227, 
59, PinuJeff, 0, 0, 0, 529, 
59, PinuLamb, 0, 0, 0, 3332, 
59, PinuMont, 0, 0, 0, 379, 
59, PinuPond, 0, 0, 0, 987, 
59, PseuMenz, 0, 0, 0, 4848, 
59, QuerChry, 0, 0, 3, 6143, 
59, QuerDoug, 0, 0, 0, 347, 
59, QuerKell, 0, 0, 1, 1887, 
59, QuerGarr, 0, 0, 0, 102, 
59, SequSemp, 0, 0, 0, 0, 
59, TaxuBrev, 0, 0, 0, 0, 
59, TsugMert, 0, 0, 0, 0, 
60, AbieAmab, 0, 0, 0, 241, 
60, AbieGran, 0, 0, 0, 1471, 
60, AbieMagn, 0, 0, 0, 2174, 
60, AcerMacr, 0, 0, 4, 14165, 
60, AlnuRhom, 0, 0, 1, 39, 
60, AlnuRubr, 0, 0, 12, 52, 
60, ArbuMenz, 0, 0, 728, 29641, 
60, CaloDecu, 273128, 0, 0, 25525, 
60, ChamNoot, 0, 0, 0, 0, 
60, ChryChry, 0, 0, 221, 200, 
60, FX_R_SEED, 0, 0, 3395, 30628, 
60, LithDens, 0, 0, 575, 712, 
60, NOFX_R_SEED, 0, 0, 3422, 30851, 
60, NOFX_NOR_SEED, 0, 0, 0, 46505, 
60, PiceBrew, 0, 0, 0, 146, 
60, PiceSitc, 0, 0, 0, 0, 
60, PinuAlbi, 0, 0, 0, 1, 
60, PinuAtte, 0, 0, 0, 77, 
60, PinuCont, 0, 0, 0, 821, 
60, PinuJeff, 0, 0, 0, 3023, 
60, PinuLamb, 0, 0, 0, 27482, 
60, PinuMont, 0, 0, 0, 1874, 
60, PinuPond, 0, 0, 0, 8369, 
60, PseuMenz, 278266, 0, 0, 38574, 
60, QuerChry, 0, 0, 1279, 25310, 
60, QuerDoug, 0, 0, 17, 1959, 
60, QuerKell, 0, 0, 147, 13656, 
60, QuerGarr, 0, 0, 143, 1391, 
60, SequSemp, 0, 0, 0, 0, 
60, TaxuBrev, 0, 0, 0, 2, 
60, TsugMert, 0, 0, 0, 0, 
61, AbieAmab, 0, 0, 0, 156, 
61, AbieGran, 0, 0, 0, 687, 
61, AbieMagn, 0, 0, 0, 976, 
61, AcerMacr, 0, 0, 68, 7433, 
61, AlnuRhom, 0, 0, 4, 16, 
61, AlnuRubr, 0, 0, 8, 1, 
61, ArbuMenz, 0, 0, 718, 10757, 
61, CaloDecu, 0, 0, 0, 11744, 
61, ChamNoot, 0, 0, 0, 0, 
61, ChryChry, 0, 0, 118, 182, 
61, FX_R_SEED, 0, 0, 16907, 39728, 
61, LithDens, 0, 0, 55, 958, 
61, NOFX_R_SEED, 0, 0, 17014, 40065, 
61, NOFX_NOR_SEED, 0, 0, 0, 60567, 
61, PiceBrew, 0, 0, 0, 59, 
61, PiceSitc, 0, 0, 0, 0, 
61, PinuAlbi, 0, 0, 0, 0, 
61, PinuAtte, 0, 0, 0, 39, 
61, PinuCont, 0, 0, 0, 233, 
61, PinuJeff, 0, 0, 0, 984, 
61, PinuLamb, 0, 0, 0, 6556, 
61, PinuMont, 0, 0, 0, 782, 
61, PinuPond, 0, 0, 0, 1749, 
61, PseuMenz, 0, 0, 0, 10667, 
61, QuerChry, 0, 0, 1228, 9814, 
61, QuerDoug, 0, 0, 45, 468, 
61, QuerKell, 0, 0, 1102, 3223, 
61, QuerGarr, 0, 0, 518, 183, 
61, SequSemp, 0, 0, 0, 0, 
61, TaxuBrev, 0, 0, 15, 0, 
61, TsugMert, 0, 0, 0, 0, 
62, AbieAmab, 0, 0, 0, 127, 
62, AbieGran, 0, 0, 0, 220, 
62, AbieMagn, 0, 0, 0, 172, 
62, AcerMacr, 0, 0, 1, 2601, 
62, AlnuRhom, 0, 0, 0, 0, 
62, AlnuRubr, 0, 0, 0, 0, 
62, ArbuMenz, 0, 0, 39, 3114, 
62, CaloDecu, 0, 0, 0, 3553, 
62, ChamNoot, 0, 0, 0, 0, 
62, ChryChry, 0, 0, 4, 43, 
62, FX_R_SEED, 0, 0, 272, 26322, 
62, LithDens, 0, 0, 2, 98, 
62, NOFX_R_SEED, 0, 0, 243, 26348, 
62, NOFX_NOR_SEED, 0, 0, 0, 37855, 
62, PiceBrew, 0, 0, 0, 0, 
62, PiceSitc, 0, 0, 0, 0, 
62, PinuAlbi, 0, 0, 0, 1, 
62, PinuAtte, 0, 0, 0, 7, 
62, PinuCont, 0, 0, 0, 128, 
62, PinuJeff, 0, 0, 0, 326, 
62, PinuLamb, 0, 0, 0, 1838, 
62, PinuMont, 0, 0, 0, 221, 
62, PinuPond, 0, 0, 0, 477, 
62, PseuMenz, 0, 0, 0, 2821, 
62, QuerChry, 0, 0, 17, 3342, 
62, QuerDoug, 0, 0, 0, 99, 
62, QuerKell, 0, 0, 9, 843, 
62, QuerGarr, 0, 0, 1, 48, 
62, SequSemp, 0, 0, 0, 0, 
62, TaxuBrev, 0, 0, 0, 0, 
62, TsugMert, 0, 0, 0, 0, 
63, AbieAmab, 0, 0, 0, 148, 
63, AbieGran, 0, 0, 0, 563, 
63, AbieMagn, 0, 0, 0, 1539, 
63, AcerMacr, 0, 0, 56, 5799, 
63, AlnuRhom, 0, 0, 0, 6, 
63, AlnuRubr, 0, 0, 3, 15, 
63, ArbuMenz, 0, 0, 101, 13222, 
63, CaloDecu, 0, 0, 0, 11629, 
63, ChamNoot, 0, 0, 0, 0, 
63, ChryChry, 0, 0, 46, 0, 
63, FX_R_SEED, 0, 0, 2162, 21032, 
63, LithDens, 0, 0, 63, 49, 
63, NOFX_R_SEED, 0, 0, 2179, 21111, 
63, NOFX_NOR_SEED, 0, 0, 0, 30770, 
63, PiceBrew, 0, 0, 0, 127, 
63, PiceSitc, 0, 0, 0, 0, 
63, PinuAlbi, 0, 0, 0, 0, 
63, PinuAtte, 0, 0, 0, 4, 
63, PinuCont, 0, 0, 0, 418, 
63, PinuJeff, 0, 0, 0, 1232, 
63, PinuLamb, 0, 0, 0, 10722, 
63, PinuMont, 0, 0, 0, 951, 
63, PinuPond, 0, 0, 0, 3061, 
63, PseuMenz, 0, 0, 0, 14194, 
63, QuerChry, 0, 0, 851, 10748, 
63, QuerDoug, 0, 0, 3, 524, 
63, QuerKell, 0, 0, 541, 4364, 
63, QuerGarr, 0, 0, 27, 287, 
63, SequSemp, 0, 0, 0, 0, 
63, TaxuBrev, 0, 0, 0, 0, 
63, TsugMert, 0, 0, 0, 0, 
64, AbieAmab, 0, 0, 0, 130, 
64, AbieGran, 0, 0, 0, 228, 
64, AbieMagn, 0, 0, 0, 1150, 
64, AcerMacr, 0, 0, 138, 3747, 
64, AlnuRhom, 0, 0, 1, 1, 
64, AlnuRubr, 0, 0, 8, 14, 
64, ArbuMenz, 0, 0, 2446, 8751, 
64, CaloDecu, 0, 0, 0, 7883, 
64, ChamNoot, 0, 0, 1, 0, 
64, ChryChry, 0, 0, 240, 4, 
64, FX_R_SEED, 0, 0, 13826, 20059, 
64, LithDens, 0, 0, 328, 54, 
64, NOFX_R_SEED, 0, 0, 13938, 20282, 
64, NOFX_NOR_SEED, 0, 0, 0, 28840, 
64, PiceBrew, 0, 0, 0, 63, 
64, PiceSitc, 0, 0, 0, 0, 
64, PinuAlbi, 0, 0, 0, 0, 
64, PinuAtte, 0, 0, 0, 2, 
64, PinuCont, 0, 0, 0, 412, 
64, PinuJeff, 0, 0, 0, 985, 
64, PinuLamb, 0, 0, 0, 6932, 
64, PinuMont, 0, 0, 0, 825, 
64, PinuPond, 0, 0, 0, 2211, 
64, PseuMenz, 0, 0, 0, 9725, 
64, QuerChry, 0, 0, 4990, 6900, 
64, QuerDoug, 0, 0, 198, 258, 
64, QuerKell, 0, 0, 2830, 2693, 
64, QuerGarr, 0, 0, 417, 138, 
64, SequSemp, 0, 0, 0, 0, 
64, TaxuBrev, 0, 0, 2, 0, 
64, TsugMert, 0, 0, 0, 0, 
65, AbieAmab, 0, 0, 0, 144, 
65, AbieGran, 0, 0, 0, 363, 
65, AbieMagn, 0, 0, 0, 393, 
65, AcerMacr, 0, 0, 1488, 6716, 
65, AlnuRhom, 0, 0, 1, 5, 
65, AlnuRubr, 0, 0, 57, 19, 
65, ArbuMenz, 0, 0, 6081, 9008, 
65, CaloDecu, 275073, 0, 0, 9149, 
65, ChamNoot, 0, 0, 0, 0, 
65, ChryChry, 0, 0, 766, 234, 
65, FX_R_SEED, 0, 0, 21090, 28438, 
65, LithDens, 0, 0, 2352, 926, 
65, NOFX_R_SEED, 0, 0, 21144, 28386, 
65, NOFX_NOR_SEED, 0, 0, 0, 40124, 
65, PiceBrew, 0, 0, 0, 0, 
65, PiceSitc, 0, 0, 0, 0, 
65, PinuAlbi, 0, 0, 0, 0, 
65, PinuAtte, 0, 0, 0, 35, 
65, PinuCont, 0, 0, 0, 186, 
65, PinuJeff, 0, 0, 0, 1042, 
65, PinuLamb, 0, 0, 0, 6091, 
65, PinuMont, 0, 0, 0, 465, 
65, PinuPond, 0, 0, 0, 1535, 
65, PseuMenz, 280190, 0, 0, 8489, 
65, QuerChry, 0, 0, 6527, 8396, 
65, QuerDoug, 0, 0, 827, 485, 
65, QuerKell, 0, 0, 3118, 2975, 
65, QuerGarr, 0, 0, 584, 156, 
65, SequSemp, 0, 0, 0, 0, 
65, TaxuBrev, 0, 0, 3, 5, 
65, TsugMert, 0, 0, 0, 0, 
66, AbieAmab, 0, 0, 0, 295, 
66, AbieGran, 0, 0, 0, 2179, 
66, AbieMagn, 0, 0, 0, 2659, 
66, AcerMacr, 0, 0, 876, 22168, 
66, AlnuRhom, 0, 0, 2, 90, 
66, AlnuRubr, 0, 0, 6, 625, 
66, ArbuMenz, 0, 0, 3112, 37036, 
66, CaloDecu, 0, 0, 0, 32475, 
66, ChamNoot, 0, 0, 0, 13, 
66, ChryChry, 0, 0, 210, 2455, 
66, FX_R_SEED, 0, 0, 9291, 55377, 
66, LithDens, 0, 0, 795, 8613, 
66, NOFX_R_SEED, 0, 0, 9343, 55220, 
66, NOFX_NOR_SEED, 0, 0, 0, 73922, 
66, PiceBrew, 0, 0, 0, 996, 
66, PiceSitc, 0, 0, 0, 0, 
66, PinuAlbi, 0, 0, 0, 5, 
66, PinuAtte, 0, 0, 0, 146, 
66, PinuCont, 0, 0, 0, 1201, 
66, PinuJeff, 0, 0, 0, 3074, 
66, PinuLamb, 0, 0, 0, 23868, 
66, PinuMont, 0, 0, 0, 2982, 
66, PinuPond, 0, 0, 0, 6046, 
66, PseuMenz, 0, 0, 0, 40548, 
66, QuerChry, 0, 0, 4126, 26842, 
66, QuerDoug, 0, 0, 24, 2417, 
66, QuerKell, 0, 0, 2197, 11125, 
66, QuerGarr, 0, 0, 226, 851, 
66, SequSemp, 0, 0, 0, 14, 
66, TaxuBrev, 0, 0, 0, 87, 
66, TsugMert, 0, 0, 0, 0, 
67, AbieAmab, 0, 0, 0, 132, 
67, AbieGran, 0, 0, 0, 426, 
67, AbieMagn, 0, 0, 0, 218, 
67, AcerMacr, 0, 0, 1, 4298, 
67, AlnuRhom, 0, 0, 0, 13, 
67, AlnuRubr, 0, 0, 0, 1, 
67, ArbuMenz, 0, 0, 3, 5101, 
67, CaloDecu, 0, 0, 0, 6332, 
67, ChamNoot, 0, 0, 0, 0, 
67, ChryChry, 0, 0, 1, 116, 
67, FX_R_SEED, 0, 0, 10, 33287, 
67, LithDens, 0, 0, 2, 320, 
67, NOFX_R_SEED, 0, 0, 7, 32898, 
67, NOFX_NOR_SEED, 0, 0, 0, 45975, 
67, PiceBrew, 0, 0, 0, 0, 
67, PiceSitc, 0, 0, 0, 0, 
67, PinuAlbi, 0, 0, 0, 0, 
67, PinuAtte, 0, 0, 0, 12, 
67, PinuCont, 0, 0, 0, 110, 
67, PinuJeff, 0, 0, 0, 529, 
67, PinuLamb, 0, 0, 0, 2989, 
67, PinuMont, 0, 0, 0, 262, 
67, PinuPond, 0, 0, 0, 762, 
67, PseuMenz, 0, 0, 0, 4594, 
67, QuerChry, 0, 0, 5, 5249, 
67, QuerDoug, 0, 0, 0, 322, 
67, QuerKell, 0, 0, 2, 1744, 
67, QuerGarr, 0, 0, 0, 94, 
67, SequSemp, 0, 0, 0, 0, 
67, TaxuBrev, 0, 0, 0, 6, 
67, TsugMert, 0, 0, 0, 0, 
68, AbieAmab, 0, 0, 0, 36, 
68, AbieGran, 0, 0, 0, 20, 
68, AbieMagn, 0, 0, 0, 86, 
68, AcerMacr, 0, 0, 135, 270, 
68, AlnuRhom, 0, 0, 0, 0, 
68, AlnuRubr, 0, 0, 1, 0, 
68, ArbuMenz, 0, 0, 1218, 530, 
68, CaloDecu, 0, 0, 0, 671, 
68, ChamNoot, 0, 0, 0, 0, 
68, ChryChry, 0, 0, 340, 0, 
68, FX_R_SEED, 0, 0, 4901, 10895, 
68, LithDens, 0, 0, 373, 2, 
68, NOFX_R_SEED, 0, 0, 4842, 10795, 
68, NOFX_NOR_SEED, 0, 0, 0, 14259, 
68, PiceBrew, 0, 0, 0, 0, 
68, PiceSitc, 0, 0, 0, 0, 
68, PinuAlbi, 0, 0, 0, 0, 
68, PinuAtte, 0, 0, 0, 0, 
68, PinuCont, 0, 0, 0, 47, 
68, PinuJeff, 0, 0, 0, 87, 
68, PinuLamb, 0, 0, 0, 485, 
68, PinuMont, 0, 0, 0, 59, 
68, PinuPond, 0, 0, 0, 227, 
68, PseuMenz, 0, 0, 0, 648, 
68, QuerChry, 0, 0, 2074, 841, 
68, QuerDoug, 0, 0, 55, 28, 
68, QuerKell, 0, 0, 907, 173, 
68, QuerGarr, 0, 0, 37, 3, 
68, SequSemp, 0, 0, 0, 0, 
68, TaxuBrev, 0, 0, 0, 0, 
68, TsugMert, 0, 0, 0, 0, 
69, AbieAmab, 0, 0, 0, 165, 
69, AbieGran, 0, 0, 0, 558, 
69, AbieMagn, 0, 0, 0, 580, 
69, AcerMacr, 0, 0, 117, 6017, 
69, AlnuRhom, 0, 0, 0, 0, 
69, AlnuRubr, 0, 0, 1, 14, 
69, ArbuMenz, 0, 0, 462, 8011, 
69, CaloDecu, 0, 0, 0, 8794, 
69, ChamNoot, 0, 0, 0, 0, 
69, ChryChry, 0, 0, 1, 11, 
69, FX_R_SEED, 0, 0, 2955, 25381, 
69, LithDens, 0, 0, 175, 113, 
69, NOFX_R_SEED, 0, 0, 2918, 25314, 
69, NOFX_NOR_SEED, 0, 0, 0, 34774, 
69, PiceBrew, 0, 0, 0, 39, 
69, PiceSitc, 0, 0, 0, 0, 
69, PinuAlbi, 0, 0, 0, 0, 
69, PinuAtte, 0, 0, 0, 6, 
69, PinuCont, 0, 0, 0, 178, 
69, PinuJeff, 0, 0, 0, 732, 
69, PinuLamb, 0, 0, 0, 5279, 
69, PinuMont, 0, 0, 0, 544, 
69, PinuPond, 0, 0, 0, 1415, 
69, PseuMenz, 0, 0, 0, 7855, 
69, QuerChry, 0, 0, 1477, 7238, 
69, QuerDoug, 0, 0, 150, 611, 
69, QuerKell, 0, 0, 1264, 2604, 
69, QuerGarr, 0, 0, 121, 143, 
69, SequSemp, 0, 0, 0, 0, 
69, TaxuBrev, 0, 0, 0, 0, 
69, TsugMert, 0, 0, 0, 0, 
70, AbieAmab, 0, 0, 0, 107, 
70, AbieGran, 0, 0, 0, 275, 
70, AbieMagn, 0, 0, 0, 744, 
70, AcerMacr, 0, 0, 5, 4632, 
70, AlnuRhom, 0, 0, 1, 5, 
70, AlnuRubr, 0, 0, 21, 10, 
70, ArbuMenz, 0, 0, 689, 6933, 
70, CaloDecu, 272753, 0, 0, 8337, 
70, ChamNoot, 0, 0, 0, 0, 
70, ChryChry, 0, 0, 154, 66, 
70, FX_R_SEED, 0, 0, 3226, 22741, 
70, LithDens, 0, 0, 575, 129, 
70, NOFX_R_SEED, 0, 0, 3296, 22804, 
70, NOFX_NOR_SEED, 0, 0, 0, 31086, 
70, PiceBrew, 0, 0, 0, 70, 
70, PiceSitc, 0, 0, 0, 0, 
70, PinuAlbi, 0, 0, 0, 0, 
70, PinuAtte, 0, 0, 0, 8, 
70, PinuCont, 0, 0, 0, 197, 
70, PinuJeff, 0, 0, 0, 720, 
70, PinuLamb, 0, 0, 0, 5030, 
70, PinuMont, 0, 0, 0, 667, 
70, PinuPond, 0, 0, 0, 1563, 
70, PseuMenz, 277983, 0, 0, 6140, 
70, QuerChry, 0, 0, 1293, 6697, 
70, QuerDoug, 0, 0, 7, 230, 
70, QuerKell, 0, 0, 166, 2751, 
70, QuerGarr, 0, 0, 128, 104, 
70, SequSemp, 0, 0, 0, 0, 
70, TaxuBrev, 0, 0, 0, 2, 
70, TsugMert, 0, 0, 0, 0, 
71, AbieAmab, 0, 0, 0, 204, 
71, AbieGran, 0, 0, 0, 680, 
71, AbieMagn, 0, 0, 0, 1058, 
71, AcerMacr, 0, 0, 3, 7458, 
71, AlnuRhom, 0, 0, 0, 9, 
71, AlnuRubr, 0, 0, 0, 25, 
71, ArbuMenz, 0, 0, 3, 10566, 
71, CaloDecu, 0, 0, 0, 12688, 
71, ChamNoot, 0, 0, 0, 0, 
71, ChryChry, 0, 0, 0, 201, 
71, FX_R_SEED, 0, 0, 9, 32221, 
71, LithDens, 0, 0, 0, 365, 
71, NOFX_R_SEED, 0, 0, 11, 32394, 
71, NOFX_NOR_SEED, 0, 0, 0, 46398, 
71, PiceBrew, 0, 0, 0, 51, 
71, PiceSitc, 0, 0, 0, 0, 
71, PinuAlbi, 0, 0, 0, 0, 
71, PinuAtte, 0, 0, 0, 17, 
71, PinuCont, 0, 0, 0, 295, 
71, PinuJeff, 0, 0, 0, 1003, 
71, PinuLamb, 0, 0, 0, 6915, 
71, PinuMont, 0, 0, 0, 802, 
71, PinuPond, 0, 0, 0, 2095, 
71, PseuMenz, 0, 0, 0, 10280, 
71, QuerChry, 0, 0, 5, 9829, 
71, QuerDoug, 0, 0, 0, 947, 
71, QuerKell, 0, 0, 4, 3515, 
71, QuerGarr, 0, 0, 0, 205, 
71, SequSemp, 0, 0, 0, 0, 
71, TaxuBrev, 0, 0, 0, 3, 
71, TsugMert, 0, 0, 0, 0, 
72, AbieAmab, 0, 0, 0, 142, 
72, AbieGran, 0, 0, 0, 320, 
72, AbieMagn, 0, 0, 0, 2193, 
72, AcerMacr, 0, 0, 1, 5227, 
72, AlnuRhom, 0, 0, 0, 8, 
72, AlnuRubr, 0, 0, 0, 33, 
72, ArbuMenz, 0, 0, 31, 10424, 
72, CaloDecu, 0, 0, 0, 11385, 
72, ChamNoot, 0, 0, 0, 0, 
72, ChryChry, 0, 0, 0, 43, 
72, FX_R_SEED, 0, 0, 116, 24361, 
72, LithDens, 0, 0, 2, 178, 
72, NOFX_R_SEED, 0, 0, 128, 24360, 
72, NOFX_NOR_SEED, 0, 0, 0, 35457, 
72, PiceBrew, 0, 0, 0, 135, 
72, PiceSitc, 0, 0, 0, 0, 
72, PinuAlbi, 0, 0, 0, 0, 
72, PinuAtte, 0, 0, 0, 2, 
72, PinuCont, 0, 0, 0, 712, 
72, PinuJeff, 0, 0, 0, 1026, 
72, PinuLamb, 0, 0, 0, 8728, 
72, PinuMont, 0, 0, 0, 1788, 
72, PinuPond, 0, 0, 0, 3160, 
72, PseuMenz, 0, 0, 0, 11404, 
72, QuerChry, 0, 0, 12, 9303, 
72, QuerDoug, 0, 0, 0, 698, 
72, QuerKell, 0, 0, 4, 3805, 
72, QuerGarr, 0, 0, 1, 168, 
72, SequSemp, 0, 0, 0, 0, 
72, TaxuBrev, 0, 0, 0, 2, 
72, TsugMert, 0, 0, 0, 0, 
73, AbieAmab, 0, 0, 0, 186, 
73, AbieGran, 0, 0, 0, 820, 
73, AbieMagn, 0, 0, 0, 796, 
73, AcerMacr, 0, 0, 10, 10264, 
73, AlnuRhom, 0, 0, 0, 38, 
73, AlnuRubr, 0, 0, 2, 73, 
73, ArbuMenz, 0, 0, 367, 11248, 
73, CaloDecu, 0, 0, 0, 14283, 
73, ChamNoot, 0, 0, 0, 1, 
73, ChryChry, 0, 0, 106, 590, 
73, FX_R_SEED, 0, 0, 2949, 39645, 
73, LithDens, 0, 0, 25, 2301, 
73, NOFX_R_SEED, 0, 0, 2907, 39305, 
73, NOFX_NOR_SEED, 0, 0, 0, 55858, 
73, PiceBrew, 0, 0, 0, 39, 
73, PiceSitc, 0, 0, 0, 0, 
73, PinuAlbi, 0, 0, 0, 1, 
73, PinuAtte, 0, 1, 0, 29, 
73, PinuCont, 0, 0, 0, 297, 
73, PinuJeff, 0, 0, 0, 962, 
73, PinuLamb, 0, 0, 0, 6941, 
73, PinuMont, 0, 0, 0, 727, 
73, PinuPond, 0, 0, 0, 1658, 
73, PseuMenz, 0, 0, 0, 11519, 
73, QuerChry, 0, 0, 243, 9613, 
73, QuerDoug, 0, 0, 16, 494, 
73, QuerKell, 0, 0, 194, 3960, 
73, QuerGarr, 0, 0, 32, 235, 
73, SequSemp, 0, 0, 0, 0, 
73, TaxuBrev, 0, 0, 0, 4, 
73, TsugMert, 0, 0, 0, 0, 
74, AbieAmab, 0, 0, 0, 35, 
74, AbieGran, 0, 0, 0, 17, 
74, AbieMagn, 0, 0, 0, 12, 
74, AcerMacr, 0, 0, 0, 1043, 
74, AlnuRhom, 0, 0, 0, 0, 
74, AlnuRubr, 0, 0, 0, 0, 
74, ArbuMenz, 0, 0, 1, 640, 
74, CaloDecu, 0, 0, 0, 1028, 
74, ChamNoot, 0, 0, 0, 0, 
74, ChryChry, 0, 0, 3, 199, 
74, FX_R_SEED, 0, 0, 143, 30022, 
74, LithDens, 0, 0, 1, 447, 
74, NOFX_R_SEED, 0, 0, 122, 30023, 
74, NOFX_NOR_SEED, 0, 0, 0, 43544, 
74, PiceBrew, 0, 0, 0, 0, 
74, PiceSitc, 0, 0, 0, 0, 
74, PinuAlbi, 0, 0, 0, 0, 
74, PinuAtte, 0, 0, 0, 2, 
74, PinuCont, 0, 0, 0, 1, 
74, PinuJeff, 0, 0, 0, 39, 
74, PinuLamb, 0, 0, 0, 395, 
74, PinuMont, 0, 0, 0, 1, 
74, PinuPond, 0, 0, 0, 21, 
74, PseuMenz, 0, 0, 0, 653, 
74, QuerChry, 0, 0, 4, 645, 
74, QuerDoug, 0, 0, 0, 43, 
74, QuerKell, 0, 0, 2, 277, 
74, QuerGarr, 0, 0, 2, 4, 
74, SequSemp, 0, 0, 0, 0, 
74, TaxuBrev, 0, 0, 0, 2, 
74, TsugMert, 0, 0, 0, 0, 
75, AbieAmab, 0, 0, 0, 77, 
75, AbieGran, 0, 0, 0, 246, 
75, AbieMagn, 0, 0, 0, 28, 
75, AcerMacr, 0, 0, 636, 2312, 
75, AlnuRhom, 0, 0, 5, 0, 
75, AlnuRubr, 0, 0, 45, 3, 
75, ArbuMenz, 0, 0, 4401, 2205, 
75, CaloDecu, 273306, 0, 0, 3012, 
75, ChamNoot, 0, 0, 0, 0, 
75, ChryChry, 0, 0, 1455, 0, 
75, FX_R_SEED, 0, 0, 17536, 15102, 
75, LithDens, 0, 0, 1798, 9, 
75, NOFX_R_SEED, 0, 0, 17668, 15033, 
75, NOFX_NOR_SEED, 0, 0, 0, 23469, 
75, PiceBrew, 0, 0, 0, 0, 
75, PiceSitc, 0, 0, 0, 0, 
75, PinuAlbi, 0, 0, 0, 0, 
75, PinuAtte, 0, 0, 0, 0, 
75, PinuCont, 0, 0, 0, 5, 
75, PinuJeff, 0, 0, 0, 205, 
75, PinuLamb, 0, 0, 0, 1116, 
75, PinuMont, 0, 0, 0, 23, 
75, PinuPond, 0, 0, 0, 241, 
75, PseuMenz, 278351, 0, 0, 1559, 
75, QuerChry, 0, 0, 9784, 2978, 
75, QuerDoug, 0, 0, 1020, 343, 
75, QuerKell, 0, 0, 6192, 855, 
75, QuerGarr, 0, 0, 695, 36, 
75, SequSemp, 0, 0, 0, 0, 
75, TaxuBrev, 0, 0, 4, 0, 
75, TsugMert, 0, 0, 0, 0, 
76, AbieAmab, 0, 0, 0, 120, 
76, AbieGran, 0, 0, 0, 904, 
76, AbieMagn, 0, 0, 0, 204, 
76, AcerMacr, 0, 0, 1, 8887, 
76, AlnuRhom, 0, 0, 0, 0, 
76, AlnuRubr, 0, 0, 0, 0, 
76, ArbuMenz, 0, 0, 4, 9289, 
76, CaloDecu, 0, 0, 0, 11201, 
76, ChamNoot, 0, 0, 0, 0, 
76, ChryChry, 0, 0, 0, 132, 
76, FX_R_SEED, 0, 0, 11, 28223, 
76, LithDens, 0, 0, 0, 264, 
76, NOFX_R_SEED, 0, 0, 9, 28099, 
76, NOFX_NOR_SEED, 0, 0, 0, 40688, 
76, PiceBrew, 0, 0, 0, 0, 
76, PiceSitc, 0, 0, 0, 0, 
76, PinuAlbi, 0, 0, 0, 0, 
76, PinuAtte, 0, 0, 0, 9, 
76, PinuCont, 0, 0, 0, 40, 
76, PinuJeff, 0, 0, 0, 743, 
76, PinuLamb, 0, 0, 0, 5062, 
76, PinuMont, 0, 0, 0, 250, 
76, PinuPond, 0, 0, 0, 1010, 
76, PseuMenz, 0, 0, 0, 8580, 
76, QuerChry, 0, 0, 3, 8743, 
76, QuerDoug, 0, 0, 0, 646, 
76, QuerKell, 0, 0, 0, 3096, 
76, QuerGarr, 0, 0, 0, 237, 
76, SequSemp, 0, 0, 0, 0, 
76, TaxuBrev, 0, 0, 0, 0, 
76, TsugMert, 0, 0, 0, 0, 
77, AbieAmab, 0, 0, 0, 181, 
77, AbieGran, 0, 0, 0, 459, 
77, AbieMagn, 0, 0, 0, 1095, 
77, AcerMacr, 0, 0, 2, 4711, 
77, AlnuRhom, 0, 0, 0, 1, 
77, AlnuRubr, 0, 0, 0, 27, 
77, ArbuMenz, 0, 0, 52, 9709, 
77, CaloDecu, 0, 0, 0, 12114, 
77, ChamNoot, 0, 0, 0, 0, 
77, ChryChry, 0, 0, 4, 0, 
77, FX_R_SEED, 0, 0, 153, 15170, 
77, LithDens, 0, 0, 5, 20, 
77, NOFX_R_SEED, 0, 0, 153, 15033, 
77, NOFX_NOR_SEED, 0, 0, 0, 23586, 
77, PiceBrew, 0, 0, 0, 32, 
77, PiceSitc, 0, 0, 0, 0, 
77, PinuAlbi, 0, 0, 0, 0, 
77, PinuAtte, 0, 0, 0, 0, 
77, PinuCont, 0, 0, 0, 292, 
77, PinuJeff, 0, 0, 0, 1098, 
77, PinuLamb, 0, 0, 0, 10300, 
77, PinuMont, 0, 0, 0, 908, 
77, PinuPond, 0, 0, 0, 3180, 
77, PseuMenz, 0, 0, 0, 12444, 
77, QuerChry, 0, 0, 72, 9871, 
77, QuerDoug, 0, 0, 1, 462, 
77, QuerKell, 0, 0, 5, 4698, 
77, QuerGarr, 0, 0, 0, 274, 
77, SequSemp, 0, 0, 0, 0, 
77, TaxuBrev, 0, 0, 0, 0, 
77, TsugMert, 0, 0, 0, 0, 
78, AbieAmab, 0, 0, 0, 119, 
78, AbieGran, 0, 0, 0, 236, 
78, AbieMagn, 0, 0, 0, 1687, 
78, AcerMacr, 0, 0, 1, 2675, 
78, AlnuRhom, 0, 0, 0, 0, 
78, AlnuRubr, 0, 0, 0, 16, 
78, ArbuMenz, 0, 0, 2, 8378, 
78, CaloDecu, 0, 0, 0, 7889, 
78, ChamNoot, 0, 0, 0, 0, 
78, ChryChry, 0, 0, 1, 0, 
78, FX_R_SEED, 0, 0, 7, 12896, 
78, LithDens, 0, 0, 0, 24, 
78, NOFX_R_SEED, 0, 0, 5, 12576, 
78, NOFX_NOR_SEED, 0, 0, 0, 20449, 
78, PiceBrew, 0, 0, 0, 41, 
78, PiceSitc, 0, 0, 0, 0, 
78, PinuAlbi, 0, 0, 0, 0, 
78, PinuAtte, 0, 0, 0, 0, 
78, PinuCont, 0, 0, 0, 410, 
78, PinuJeff, 0, 0, 0, 864, 
78, PinuLamb, 0, 0, 0, 7649, 
78, PinuMont, 0, 0, 0, 1364, 
78, PinuPond, 0, 0, 0, 2517, 
78, PseuMenz, 0, 0, 0, 10007, 
78, QuerChry, 0, 0, 3, 6680, 
78, QuerDoug, 0, 0, 0, 156, 
78, QuerKell, 0, 0, 4, 3247, 
78, QuerGarr, 0, 0, 0, 110, 
78, SequSemp, 0, 0, 0, 0, 
78, TaxuBrev, 0, 0, 0, 0, 
78, TsugMert, 0, 0, 0, 0, 
79, AbieAmab, 0, 0, 0, 187, 
79, AbieGran, 0, 0, 0, 397, 
79, AbieMagn, 0, 0, 0, 1194, 
79, AcerMacr, 0, 0, 0, 5837, 
79, AlnuRhom, 0, 0, 0, 12, 
79, AlnuRubr, 0, 0, 0, 5, 
79, ArbuMenz, 0, 0, 2, 8218, 
79, CaloDecu, 0, 0, 0, 11747, 
79, ChamNoot, 0, 0, 0, 1, 
79, ChryChry, 0, 0, 1, 165, 
79, FX_R_SEED, 0, 0, 10, 30709, 
79, LithDens, 0, 0, 1, 804, 
79, NOFX_R_SEED, 0, 0, 10, 30505, 
79, NOFX_NOR_SEED, 0, 0, 0, 45331, 
79, PiceBrew, 0, 0, 0, 88, 
79, PiceSitc, 0, 0, 0, 0, 
79, PinuAlbi, 0, 0, 0, 0, 
79, PinuAtte, 0, 0, 0, 8, 
79, PinuCont, 0, 0, 0, 226, 
79, PinuJeff, 0, 0, 0, 805, 
79, PinuLamb, 0, 0, 0, 5910, 
79, PinuMont, 0, 0, 0, 838, 
79, PinuPond, 0, 0, 0, 1818, 
79, PseuMenz, 0, 0, 0, 7682, 
79, QuerChry, 0, 0, 1, 8409, 
79, QuerDoug, 0, 0, 0, 671, 
79, QuerKell, 0, 0, 2, 3465, 
79, QuerGarr, 0, 0, 0, 123, 
79, SequSemp, 0, 0, 0, 1, 
79, TaxuBrev, 0, 0, 0, 3, 
79, TsugMert, 0, 0, 0, 0, 
80, AbieAmab, 0, 0, 0, 27, 
80, AbieGran, 0, 0, 0, 33, 
80, AbieMagn, 0, 0, 0, 9, 
80, AcerMacr, 0, 0, 437, 194, 
80, AlnuRhom, 0, 0, 10, 0, 
80, AlnuRubr, 0, 0, 55, 0, 
80, ArbuMenz, 0, 0, 3698, 218, 
80, CaloDecu, 272218, 0, 0, 364, 
80, ChamNoot, 0, 0, 0, 0, 
80, ChryChry, 0, 0, 615, 0, 
80, FX_R_SEED, 0, 0, 21604, 7762, 
80, LithDens, 0, 0, 1280, 4, 
80, NOFX_R_SEED, 0, 0, 21645, 7658, 
80, NOFX_NOR_SEED, 0, 0, 0, 13504, 
80, PiceBrew, 0, 0, 0, 0, 
80, PiceSitc, 0, 0, 0, 0, 
80, PinuAlbi, 0, 0, 0, 0, 
80, PinuAtte, 0, 0, 0, 0, 
80, PinuCont, 0, 0, 0, 1, 
80, PinuJeff, 0, 0, 0, 18, 
80, PinuLamb, 0, 0, 0, 133, 
80, PinuMont, 0, 0, 0, 3, 
80, PinuPond, 0, 0, 0, 45, 
80, PseuMenz, 277280, 0, 0, 191, 
80, QuerChry, 0, 0, 5303, 698, 
80, QuerDoug, 0, 0, 238, 151, 
80, QuerKell, 0, 0, 2106, 101, 
80, QuerGarr, 0, 0, 344, 3, 
80, SequSemp, 0, 0, 0, 0, 
80, TaxuBrev, 0, 0, 4, 0, 
80, TsugMert, 0, 0, 0, 0, 
81, AbieAmab, 0, 0, 0, 49, 
81, AbieGran, 0, 0, 0, 35, 
81, AbieMagn, 0, 0, 0, 11, 
81, AcerMacr, 0, 0, 377, 246, 
81, AlnuRhom, 0, 0, 6, 0, 
81, AlnuRubr, 0, 0, 10, 0, 
81, ArbuMenz, 0, 0, 1493, 304, 
81, CaloDecu, 0, 0, 0, 349, 
81, ChamNoot, 0, 0, 0, 0, 
81, ChryChry, 0, 0, 118, 0, 
81, FX_R_SEED, 0, 0, 5809, 11910, 
81, LithDens, 0, 0, 355, 10, 
81, NOFX_R_SEED, 0, 0, 5797, 12008, 
81, NOFX_NOR_SEED, 0, 0, 0, 17625, 
81, PiceBrew, 0, 0, 0, 0, 
81, PiceSitc, 0, 0, 0, 0, 
81, PinuAlbi, 0, 0, 0, 0, 
81, PinuAtte, 0, 0, 0, 0, 
81, PinuCont, 0, 0, 0, 3, 
81, PinuJeff, 0, 0, 0, 25, 
81, PinuLamb, 0, 0, 0, 187, 
81, PinuMont, 0, 0, 0, 22, 
81, PinuPond, 0, 0, 0, 71, 
81, PseuMenz, 0, 0, 0, 317, 
81, QuerChry, 0, 0, 2149, 1015, 
81, QuerDoug, 0, 0, 14, 205, 
81, QuerKell, 0, 0, 907, 81, 
81, QuerGarr, 0, 0, 122, 3, 
81, SequSemp, 0, 0, 0, 0, 
81, TaxuBrev, 0, 0, 1, 0, 
81, TsugMert, 0, 0, 0, 0, 
82, AbieAmab, 0, 0, 0, 39, 
82, AbieGran, 0, 0, 0, 26, 
82, AbieMagn, 0, 0, 0, 7, 
82, AcerMacr, 0, 0, 1655, 221, 
82, AlnuRhom, 0, 0, 3, 0, 
82, AlnuRubr, 0, 0, 112, 0, 
82, ArbuMenz, 0, 0, 5466, 301, 
82, CaloDecu, 0, 0, 0, 325, 
82, ChamNoot, 0, 0, 1, 0, 
82, ChryChry, 0, 0, 2031, 0, 
82, FX_R_SEED, 0, 0, 3012, 12558, 
82, LithDens, 0, 0, 3056, 7, 
82, NOFX_R_SEED, 0, 0, 3027, 12573, 
82, NOFX_NOR_SEED, 0, 0, 0, 18203, 
82, PiceBrew, 0, 0, 0, 0, 
82, PiceSitc, 0, 0, 0, 0, 
82, PinuAlbi, 0, 0, 0, 0, 
82, PinuAtte, 0, 0, 0, 0, 
82, PinuCont, 0, 0, 0, 9, 
82, PinuJeff, 0, 0, 0, 24, 
82, PinuLamb, 0, 0, 0, 204, 
82, PinuMont, 0, 0, 0, 20, 
82, PinuPond, 0, 0, 0, 66, 
82, PseuMenz, 0, 0, 0, 308, 
82, QuerChry, 0, 0, 5455, 960, 
82, QuerDoug, 0, 0, 36, 211, 
82, QuerKell, 0, 0, 2022, 72, 
82, QuerGarr, 0, 0, 44, 2, 
82, SequSemp, 0, 0, 0, 0, 
82, TaxuBrev, 0, 0, 0, 0, 
82, TsugMert, 0, 0, 0, 0, 
83, AbieAmab, 0, 0, 0, 64, 
83, AbieGran, 0, 0, 0, 30, 
83, AbieMagn, 0, 0, 0, 6, 
83, AcerMacr, 0, 0, 408, 350, 
83, AlnuRhom, 0, 0, 5, 0, 
83, AlnuRubr, 0, 0, 2, 0, 
83, ArbuMenz, 0, 0, 1982, 397, 
83, CaloDecu, 0, 0, 0, 526, 
83, ChamNoot, 0, 0, 0, 0, 
83, ChryChry, 0, 0, 480, 0, 
83, FX_R_SEED, 0, 0, 11394, 12178, 
83, LithDens, 0, 0, 546, 3, 
83, NOFX_R_SEED, 0, 0, 11391, 11848, 
83, NOFX_NOR_SEED, 0, 0, 0, 17703, 
83, PiceBrew, 0, 0, 0, 0, 
83, PiceSitc, 0, 0, 0, 0, 
83, PinuAlbi, 0, 0, 0, 0, 
83, PinuAtte, 0, 0, 0, 0, 
83, PinuCont, 0, 0, 0, 13, 
83, PinuJeff, 0, 0, 0, 38, 
83, PinuLamb, 0, 0, 0, 291, 
83, PinuMont, 0, 0, 0, 12, 
83, PinuPond, 0, 0, 0, 77, 
83, PseuMenz, 0, 0, 0, 420, 
83, QuerChry, 0, 0, 5979, 1236, 
83, QuerDoug, 0, 0, 349, 197, 
83, QuerKell, 0, 0, 4079, 121, 
83, QuerGarr, 0, 0, 396, 2, 
83, SequSemp, 0, 0, 0, 0, 
83, TaxuBrev, 0, 0, 2, 0, 
83, TsugMert, 0, 0, 0, 0, 
84, AbieAmab, 0, 0, 0, 77, 
84, AbieGran, 0, 0, 0, 21, 
84, AbieMagn, 0, 0, 0, 9, 
84, AcerMacr, 0, 0, 10, 336, 
84, AlnuRhom, 0, 0, 0, 0, 
84, AlnuRubr, 0, 0, 4, 0, 
84, ArbuMenz, 0, 0, 233, 401, 
84, CaloDecu, 0, 0, 0, 545, 
84, ChamNoot, 0, 0, 0, 0, 
84, ChryChry, 0, 0, 44, 0, 
84, FX_R_SEED, 0, 0, 9217, 12977, 
84, LithDens, 0, 0, 27, 5, 
84, NOFX_R_SEED, 0, 0, 9288, 12776, 
84, NOFX_NOR_SEED, 0, 0, 0, 18119, 
84, PiceBrew, 0, 0, 0, 0, 
84, PiceSitc, 0, 0, 0, 0, 
84, PinuAlbi, 0, 0, 0, 0, 
84, PinuAtte, 0, 0, 0, 0, 
84, PinuCont, 0, 0, 0, 9, 
84, PinuJeff, 0, 0, 0, 33, 
84, PinuLamb, 0, 0, 0, 270, 
84, PinuMont, 0, 0, 0, 11, 
84, PinuPond, 0, 0, 0, 68, 
84, PseuMenz, 0, 0, 0, 363, 
84, QuerChry, 0, 0, 1102, 1284, 
84, QuerDoug, 0, 0, 0, 237, 
84, QuerKell, 0, 0, 558, 122, 
84, QuerGarr, 0, 0, 283, 5, 
84, SequSemp, 0, 0, 0, 0, 
84, TaxuBrev, 0, 0, 0, 0, 
84, TsugMert, 0, 0, 0, 0, 
85, AbieAmab, 0, 0, 0, 81, 
85, AbieGran, 0, 0, 0, 28, 
85, AbieMagn, 0, 0, 0, 14, 
85, AcerMacr, 0, 0, 214, 323, 
85, AlnuRhom, 0, 0, 1, 0, 
85, AlnuRubr, 0, 0, 78, 0, 
85, ArbuMenz, 0, 0, 1213, 409, 
85, CaloDecu, 274180, 0, 0, 538, 
85, ChamNoot, 0, 0, 0, 0, 
85, ChryChry, 0, 0, 201, 0, 
85, FX_R_SEED, 0, 0, 13955, 12103, 
85, LithDens, 0, 0, 1130, 10, 
85, NOFX_R_SEED, 0, 0, 14090, 12298, 
85, NOFX_NOR_SEED, 0, 0, 0, 15815, 
85, PiceBrew, 0, 0, 0, 0, 
85, PiceSitc, 0, 0, 0, 0, 
85, PinuAlbi, 0, 0, 0, 0, 
85, PinuAtte, 0, 0, 0, 0, 
85, PinuCont, 0, 0, 0, 7, 
85, PinuJeff, 0, 0, 0, 37, 
85, PinuLamb, 0, 0, 0, 259, 
85, PinuMont, 0, 0, 0, 13, 
85, PinuPond, 0, 0, 0, 70, 
85, PseuMenz, 279283, 0, 0, 393, 
85, QuerChry, 0, 0, 4031, 1251, 
85, QuerDoug, 0, 0, 178, 170, 
85, QuerKell, 0, 0, 2337, 100, 
85, QuerGarr, 0, 0, 466, 5, 
85, SequSemp, 0, 0, 0, 0, 
85, TaxuBrev, 0, 0, 1, 0, 
85, TsugMert, 0, 0, 0, 0, 
86, AbieAmab, 0, 0, 0, 70, 
86, AbieGran, 0, 0, 0, 33, 
86, AbieMagn, 0, 0, 0, 11, 
86, AcerMacr, 0, 0, 724, 324, 
86, AlnuRhom, 0, 0, 0, 0, 
86, AlnuRubr, 0, 0, 17, 0, 
86, ArbuMenz, 0, 0, 4024, 408, 
86, CaloDecu, 0, 0, 0, 546, 
86, ChamNoot, 0, 0, 0, 0, 
86, ChryChry, 0, 0, 1938, 0, 
86, FX_R_SEED, 0, 0, 10663, 14918, 
86, LithDens, 0, 0, 2188, 2, 
86, NOFX_R_SEED, 0, 0, 10587, 15001, 
86, NOFX_NOR_SEED, 0, 0, 0, 18152, 
86, PiceBrew, 0, 0, 0, 0, 
86, PiceSitc, 0, 0, 0, 0, 
86, PinuAlbi, 0, 0, 0, 0, 
86, PinuAtte, 0, 0, 0, 0, 
86, PinuCont, 0, 0, 0, 8, 
86, PinuJeff, 0, 0, 0, 36, 
86, PinuLamb, 0, 0, 0, 260, 
86, PinuMont, 0, 0, 0, 8, 
86, PinuPond, 0, 0, 0, 62, 
86, PseuMenz, 0, 0, 0, 367, 
86, QuerChry, 0, 0, 5651, 1212, 
86, QuerDoug, 0, 0, 69, 210, 
86, QuerKell, 0, 0, 2736, 109, 
86, QuerGarr, 0, 0, 173, 4, 
86, SequSemp, 0, 0, 0, 0, 
86, TaxuBrev, 0, 0, 6, 0, 
86, TsugMert, 0, 0, 0, 0, 
87, AbieAmab, 0, 0, 0, 69, 
87, AbieGran, 0, 0, 0, 24, 
87, AbieMagn, 0, 0, 0, 8, 
87, AcerMacr, 0, 0, 46, 330, 
87, AlnuRhom, 0, 0, 0, 0, 
87, AlnuRubr, 0, 0, 0, 0, 
87, ArbuMenz, 0, 0, 146, 378, 
87, CaloDecu, 0, 0, 0, 535, 
87, ChamNoot, 0, 0, 0, 0, 
87, ChryChry, 0, 0, 0, 0, 
87, FX_R_SEED, 0, 0, 1142, 16990, 
87, LithDens, 0, 0, 124, 4, 
87, NOFX_R_SEED, 0, 0, 1122, 16672, 
87, NOFX_NOR_SEED, 0, 0, 0, 19911, 
87, PiceBrew, 0, 0, 0, 0, 
87, PiceSitc, 0, 0, 0, 0, 
87, PinuAlbi, 0, 0, 0, 0, 
87, PinuAtte, 0, 0, 0, 0, 
87, PinuCont, 0, 0, 0, 8, 
87, PinuJeff, 0, 0, 0, 47, 
87, PinuLamb, 0, 0, 0, 277, 
87, PinuMont, 0, 0, 0, 13, 
87, PinuPond, 0, 0, 0, 66, 
87, PseuMenz, 0, 0, 0, 357, 
87, QuerChry, 0, 0, 815, 1247, 
87, QuerDoug, 0, 0, 104, 215, 
87, QuerKell, 0, 0, 593, 102, 
87, QuerGarr, 0, 0, 44, 2, 
87, SequSemp, 0, 0, 0, 0, 
87, TaxuBrev, 0, 0, 0, 0, 
87, TsugMert, 0, 0, 0, 0, 
88, AbieAmab, 0, 0, 0, 91, 
88, AbieGran, 0, 0, 0, 39, 
88, AbieMagn, 0, 0, 0, 13, 
88, AcerMacr, 0, 0, 51, 341, 
88, AlnuRhom, 0, 0, 2, 0, 
88, AlnuRubr, 0, 0, 0, 0, 
88, ArbuMenz, 0, 0, 393, 416, 
88, CaloDecu, 0, 0, 0, 565, 
88, ChamNoot, 0, 0, 0, 0, 
88, ChryChry, 0, 0, 1, 0, 
88, FX_R_SEED, 0, 0, 2609, 16711, 
88, LithDens, 0, 0, 37, 3, 
88, NOFX_R_SEED, 0, 0, 2561, 16683, 
88, NOFX_NOR_SEED, 0, 0, 0, 20158, 
88, PiceBrew, 0, 0, 0, 0, 
88, PiceSitc, 0, 0, 0, 0, 
88, PinuAlbi, 0, 0, 0, 0, 
88, PinuAtte, 0, 0, 0, 0, 
88, PinuCont, 0, 0, 0, 10, 
88, PinuJeff, 0, 0, 0, 44, 
88, PinuLamb, 0, 0, 0, 235, 
88, PinuMont, 0, 0, 0, 12, 
88, PinuPond, 0, 0, 0, 59, 
88, PseuMenz, 0, 0, 0, 365, 
88, QuerChry, 0, 0, 771, 1221, 
88, QuerDoug, 0, 0, 18, 220, 
88, QuerKell, 0, 0, 349, 115, 
88, QuerGarr, 0, 0, 39, 3, 
88, SequSemp, 0, 0, 0, 0, 
88, TaxuBrev, 0, 0, 0, 0, 
88, TsugMert, 0, 0, 0, 0, 
89, AbieAmab, 0, 0, 0, 60, 
89, AbieGran, 0, 0, 0, 41, 
89, AbieMagn, 0, 0, 0, 10, 
89, AcerMacr, 0, 0, 562, 322, 
89, AlnuRhom, 0, 0, 2, 0, 
89, AlnuRubr, 0, 0, 2, 0, 
89, ArbuMenz, 0, 0, 2581, 362, 
89, CaloDecu, 0, 0, 0, 553, 
89, ChamNoot, 0, 0, 0, 0, 
89, ChryChry, 0, 0, 544, 0, 
89, FX_R_SEED, 0, 0, 8891, 16122, 
89, LithDens, 0, 0, 933, 5, 
89, NOFX_R_SEED, 0, 0, 8944, 16289, 
89, NOFX_NOR_SEED, 0, 0, 0, 19622, 
89, PiceBrew, 0, 0, 0, 0, 
89, PiceSitc, 0, 0, 0, 0, 
89, PinuAlbi, 0, 0, 0, 0, 
89, PinuAtte, 0, 0, 0, 0, 
89, PinuCont, 0, 0, 0, 5, 
89, PinuJeff, 0, 0, 0, 33, 
89, PinuLamb, 0, 0, 0, 258, 
89, PinuMont, 0, 0, 0, 17, 
89, PinuPond, 0, 0, 0, 60, 
89, PseuMenz, 0, 0, 0, 380, 
89, QuerChry, 0, 0, 4972, 1228, 
89, QuerDoug, 0, 0, 262, 192, 
89, QuerKell, 0, 0, 2519, 97, 
89, QuerGarr, 0, 0, 108, 5, 
89, SequSemp, 0, 0, 0, 0, 
89, TaxuBrev, 0, 0, 0, 0, 
89, TsugMert, 0, 0, 0, 0, 
90, AbieAmab, 0, 0, 0, 68, 
90, AbieGran, 0, 0, 0, 27, 
90, AbieMagn, 0, 0, 0, 13, 
90, AcerMacr, 0, 0, 1137, 321, 
90, AlnuRhom, 0, 0, 4, 0, 
90, AlnuRubr, 0, 0, 25, 0, 
90, ArbuMenz, 0, 0, 3686, 378, 
90, CaloDecu, 273648, 0, 0, 530, 
90, ChamNoot, 0, 0, 0, 0, 
90, ChryChry, 0, 0, 668, 0, 
90, FX_R_SEED, 0, 0, 13699, 14762, 
90, LithDens, 0, 0, 1835, 4, 
90, NOFX_R_SEED, 0, 0, 13575, 14917, 
90, NOFX_NOR_SEED, 0, 0, 0, 16939, 
90, PiceBrew, 0, 0, 0, 0, 
90, PiceSitc, 0, 0, 0, 0, 
90, PinuAlbi, 0, 0, 0, 0, 
90, PinuAtte, 0, 0, 0, 0, 
90, PinuCont, 0, 0, 0, 3, 
90, PinuJeff, 0, 0, 0, 40, 
90, PinuLamb, 0, 0, 0, 243, 
90, PinuMont, 0, 0, 0, 15, 
90, PinuPond, 0, 0, 0, 63, 
90, PseuMenz, 278875, 0, 0, 348, 
90, QuerChry, 0, 0, 5552, 1183, 
90, QuerDoug, 0, 0, 209, 183, 
90, QuerKell, 0, 0, 2776, 115, 
90, QuerGarr, 0, 0, 465, 4, 
90, SequSemp, 0, 0, 0, 0, 
90, TaxuBrev, 0, 0, 6, 0, 
90, TsugMert, 0, 0, 0, 0, 
91, AbieAmab, 0, 0, 0, 74, 
91, AbieGran, 0, 0, 0, 18, 
91, AbieMagn, 0, 0, 0, 5, 
91, AcerMacr, 0, 0, 1139, 348, 
91, AlnuRhom, 0, 0, 1, 0, 
91, AlnuRubr, 0, 0, 31, 0, 
91, ArbuMenz, 0, 0, 4426, 326, 
91, CaloDecu, 0, 0, 0, 511, 
91, ChamNoot, 0, 0, 0, 0, 
91, ChryChry, 0, 0, 670, 0, 
91, FX_R_SEED, 0, 0, 12356, 16168, 
91, LithDens, 0, 0, 1007, 9, 
91, NOFX_R_SEED, 0, 0, 12443, 16116, 
91, NOFX_NOR_SEED, 0, 0, 0, 19467, 
91, PiceBrew, 0, 0, 0, 0, 
91, PiceSitc, 0, 0, 0, 0, 
91, PinuAlbi, 0, 0, 0, 0, 
91, PinuAtte, 0, 0, 0, 0, 
91, PinuCont, 0, 0, 0, 5, 
91, PinuJeff, 0, 0, 0, 42, 
91, PinuLamb, 0, 0, 0, 198, 
91, PinuMont, 0, 0, 0, 12, 
91, PinuPond, 0, 0, 0, 44, 
91, PseuMenz, 0, 0, 0, 296, 
91, QuerChry, 0, 0, 7759, 1167, 
91, QuerDoug, 0, 0, 657, 158, 
91, QuerKell, 0, 0, 4091, 106, 
91, QuerGarr, 0, 0, 586, 4, 
91, SequSemp, 0, 0, 0, 0, 
91, TaxuBrev, 0, 0, 0, 0, 
91, TsugMert, 0, 0, 0, 0, 
92, AbieAmab, 0, 0, 0, 78, 
92, AbieGran, 0, 0, 0, 38, 
92, AbieMagn, 0, 0, 0, 14, 
92, AcerMacr, 0, 0, 3, 361, 
92, AlnuRhom, 0, 0, 0, 0, 
92, AlnuRubr, 0, 0, 0, 0, 
92, ArbuMenz, 0, 0, 50, 364, 
92, CaloDecu, 0, 0, 0, 531, 
92, ChamNoot, 0, 0, 0, 0, 
92, ChryChry, 0, 0, 16, 0, 
92, FX_R_SEED, 0, 0, 245, 17648, 
92, LithDens, 0, 0, 9, 4, 
92, NOFX_R_SEED, 0, 0, 260, 17637, 
92, NOFX_NOR_SEED, 0, 0, 0, 20685, 
92, PiceBrew, 0, 0, 0, 0, 
92, PiceSitc, 0, 0, 0, 0, 
92, PinuAlbi, 0, 0, 0, 0, 
92, PinuAtte, 0, 0, 0, 0, 
92, PinuCont, 0, 0, 0, 6, 
92, PinuJeff, 0, 0, 0, 40, 
92, PinuLamb, 0, 0, 0, 294, 
92, PinuMont, 0, 0, 0, 13, 
92, PinuPond, 0, 0, 0, 74, 
92, PseuMenz, 0, 0, 0, 365, 
92, QuerChry, 0, 0, 70, 1284, 
92, QuerDoug, 0, 0, 0, 232, 
92, QuerKell, 0, 0, 44, 95, 
92, QuerGarr, 0, 0, 1, 2, 
92, SequSemp, 0, 0, 0, 0, 
92, TaxuBrev, 0, 0, 0, 0, 
92, TsugMert, 0, 0, 0, 0, 
93, AbieAmab, 0, 0, 0, 91, 
93, AbieGran, 0, 0, 0, 38, 
93, AbieMagn, 0, 0, 0, 12, 
93, AcerMacr, 0, 0, 27, 328, 
93, AlnuRhom, 0, 0, 0, 0, 
93, AlnuRubr, 0, 0, 0, 0, 
93, ArbuMenz, 0, 0, 475, 387, 
93, CaloDecu, 0, 0, 0, 519, 
93, ChamNoot, 0, 0, 0, 0, 
93, ChryChry, 0, 0, 10, 0, 
93, FX_R_SEED, 0, 0, 10320, 17023, 
93, LithDens, 0, 0, 81, 4, 
93, NOFX_R_SEED, 0, 0, 10379, 17009, 
93, NOFX_NOR_SEED, 0, 0, 0, 20532, 
93, PiceBrew, 0, 0, 0, 0, 
93, PiceSitc, 0, 0, 0, 0, 
93, PinuAlbi, 0, 0, 0, 0, 
93, PinuAtte, 0, 0, 0, 0, 
93, PinuCont, 0, 0, 0, 5, 
93, PinuJeff, 0, 0, 0, 39, 
93, PinuLamb, 0, 0, 0, 226, 
93, PinuMont, 0, 0, 0, 25, 
93, PinuPond, 0, 0, 0, 70, 
93, PseuMenz, 0, 0, 0, 363, 
93, QuerChry, 0, 0, 1032, 1306, 
93, QuerDoug, 0, 0, 592, 237, 
93, QuerKell, 0, 0, 849, 115, 
93, QuerGarr, 0, 0, 474, 3, 
93, SequSemp, 0, 0, 0, 0, 
93, TaxuBrev, 0, 0, 0, 0, 
93, TsugMert, 0, 0, 0, 0, 
94, AbieAmab, 0, 0, 0, 80, 
94, AbieGran, 0, 0, 0, 30, 
94, AbieMagn, 0, 0, 0, 9, 
94, AcerMacr, 0, 0, 2323, 342, 
94, AlnuRhom, 0, 0, 0, 0, 
94, AlnuRubr, 0, 0, 23, 0, 
94, ArbuMenz, 0, 0, 7622, 353, 
94, CaloDecu, 0, 0, 0, 547, 
94, ChamNoot, 0, 0, 0, 0, 
94, ChryChry, 0, 0, 1223, 0, 
94, FX_R_SEED, 0, 0, 13277, 17104, 
94, LithDens, 0, 0, 2757, 4, 
94, NOFX_R_SEED, 0, 0, 13283, 17377, 
94, NOFX_NOR_SEED, 0, 0, 0, 20609, 
94, PiceBrew, 0, 0, 0, 0, 
94, PiceSitc, 0, 0, 0, 0, 
94, PinuAlbi, 0, 0, 0, 0, 
94, PinuAtte, 0, 0, 0, 0, 
94, PinuCont, 0, 0, 0, 9, 
94, PinuJeff, 0, 0, 0, 43, 
94, PinuLamb, 0, 0, 0, 247, 
94, PinuMont, 0, 0, 0, 18, 
94, PinuPond, 0, 0, 0, 67, 
94, PseuMenz, 0, 0, 0, 369, 
94, QuerChry, 0, 0, 12281, 1109, 
94, QuerDoug, 0, 0, 1036, 225, 
94, QuerKell, 0, 0, 6482, 115, 
94, QuerGarr, 0, 0, 496, 3, 
94, SequSemp, 0, 0, 0, 0, 
94, TaxuBrev, 0, 0, 0, 0, 
94, TsugMert, 0, 0, 0, 0, 
95, AbieAmab, 0, 0, 0, 79, 
95, AbieGran, 0, 0, 0, 37, 
95, AbieMagn, 0, 0, 0, 13, 
95, AcerMacr, 0, 0, 756, 328, 
95, AlnuRhom, 0, 0, 2, 0, 
95, AlnuRubr, 0, 0, 37, 0, 
95, ArbuMenz, 0, 0, 3617, 383, 
95, CaloDecu, 274125, 0, 0, 506, 
95, ChamNoot, 0, 0, 0, 0, 
95, ChryChry, 0, 0, 382, 0, 
95, FX_R_SEED, 0, 0, 6681, 14603, 
95, LithDens, 0, 0, 1119, 6, 
95, NOFX_R_SEED, 0, 0, 6793, 14605, 
95, NOFX_NOR_SEED, 0, 0, 0, 17144, 
95, PiceBrew, 0, 0, 0, 0, 
95, PiceSitc, 0, 0, 0, 0, 
95, PinuAlbi, 0, 0, 0, 0, 
95, PinuAtte, 0, 0, 0, 0, 
95, PinuCont, 0, 0, 0, 7, 
95, PinuJeff, 0, 0, 0, 25, 
95, PinuLamb, 0, 0, 0, 239, 
95, PinuMont, 0, 0, 0, 20, 
95, PinuPond, 0, 0, 0, 69, 
95, PseuMenz, 279223, 0, 0, 349, 
95, QuerChry, 0, 0, 8168, 1329, 
95, QuerDoug, 0, 0, 553, 152, 
95, QuerKell, 0, 0, 4183, 91, 
95, QuerGarr, 0, 0, 699, 3, 
95, SequSemp, 0, 0, 0, 0, 
95, TaxuBrev, 0, 0, 2, 0, 
95, TsugMert, 0, 0, 0, 0, 
96, AbieAmab, 0, 0, 0, 89, 
96, AbieGran, 0, 0, 0, 37, 
96, AbieMagn, 0, 0, 0, 5, 
96, AcerMacr, 0, 0, 12, 340, 
96, AlnuRhom, 0, 0, 0, 0, 
96, AlnuRubr, 0, 0, 0, 0, 
96, ArbuMenz, 0, 0, 185, 361, 
96, CaloDecu, 0, 0, 0, 518, 
96, ChamNoot, 0, 0, 0, 0, 
96, ChryChry, 0, 0, 13, 0, 
96, FX_R_SEED, 0, 0, 628, 17520, 
96, LithDens, 0, 0, 35, 4, 
96, NOFX_R_SEED, 0, 0, 605, 17190, 
96, NOFX_NOR_SEED, 0, 0, 0, 20870, 
96, PiceBrew, 0, 0, 0, 0, 
96, PiceSitc, 0, 0, 0, 0, 
96, PinuAlbi, 0, 0, 0, 0, 
96, PinuAtte, 0, 0, 0, 0, 
96, PinuCont, 0, 0, 0, 8, 
96, PinuJeff, 0, 0, 0, 35, 
96, PinuLamb, 0, 0, 0, 248, 
96, PinuMont, 0, 0, 0, 17, 
96, PinuPond, 0, 0, 0, 78, 
96, PseuMenz, 0, 0, 0, 326, 
96, QuerChry, 0, 0, 313, 1499, 
96, QuerDoug, 0, 0, 502, 226, 
96, QuerKell, 0, 0, 151, 132, 
96, QuerGarr, 0, 0, 12, 2, 
96, SequSemp, 0, 0, 0, 0, 
96, TaxuBrev, 0, 0, 0, 0, 
96, TsugMert, 0, 0, 0, 0, 
97, AbieAmab, 0, 0, 0, 66, 
97, AbieGran, 0, 0, 0, 43, 
97, AbieMagn, 0, 0, 0, 10, 
97, AcerMacr, 0, 0, 148, 351, 
97, AlnuRhom, 0, 0, 0, 0, 
97, AlnuRubr, 0, 0, 10, 0, 
97, ArbuMenz, 0, 0, 691, 353, 
97, CaloDecu, 0, 0, 0, 542, 
97, ChamNoot, 0, 0, 0, 0, 
97, ChryChry, 0, 0, 298, 0, 
97, FX_R_SEED, 0, 0, 13959, 16413, 
97, LithDens, 0, 0, 36, 2, 
97, NOFX_R_SEED, 0, 0, 13943, 16228, 
97, NOFX_NOR_SEED, 0, 0, 0, 20473, 
97, PiceBrew, 0, 0, 0, 0, 
97, PiceSitc, 0, 0, 0, 0, 
97, PinuAlbi, 0, 0, 0, 0, 
97, PinuAtte, 0, 0, 0, 0, 
97, PinuCont, 0, 0, 0, 9, 
97, PinuJeff, 0, 0, 0, 37, 
97, PinuLamb, 0, 0, 0, 239, 
97, PinuMont, 0, 0, 0, 19, 
97, PinuPond, 0, 0, 0, 67, 
97, PseuMenz, 0, 0, 0, 315, 
97, QuerChry, 0, 0, 1158, 1471, 
97, QuerDoug, 0, 0, 83, 277, 
97, QuerKell, 0, 0, 1490, 101, 
97, QuerGarr, 0, 0, 537, 5, 
97, SequSemp, 0, 0, 0, 0, 
97, TaxuBrev, 0, 0, 5, 0, 
97, TsugMert, 0, 0, 0, 0, 
98, AbieAmab, 0, 0, 0, 63, 
98, AbieGran, 0, 0, 0, 28, 
98, AbieMagn, 0, 0, 0, 16, 
98, AcerMacr, 0, 0, 354, 326, 
98, AlnuRhom, 0, 0, 3, 0, 
98, AlnuRubr, 0, 0, 2, 0, 
98, ArbuMenz, 0, 0, 2752, 365, 
98, CaloDecu, 0, 0, 0, 491, 
98, ChamNoot, 0, 0, 0, 0, 
98, ChryChry, 0, 0, 61, 0, 
98, FX_R_SEED, 0, 0, 5070, 17273, 
98, LithDens, 0, 0, 366, 2, 
98, NOFX_R_SEED, 0, 0, 5090, 17247, 
98, NOFX_NOR_SEED, 0, 0, 0, 20963, 
98, PiceBrew, 0, 0, 0, 0, 
98, PiceSitc, 0, 0, 0, 0, 
98, PinuAlbi, 0, 0, 0, 0, 
98, PinuAtte, 0, 0, 0, 0, 
98, PinuCont, 0, 0, 0, 10, 
98, PinuJeff, 0, 0, 0, 37, 
98, PinuLamb, 0, 0, 0, 229, 
98, PinuMont, 0, 0, 0, 10, 
98, PinuPond, 0, 0, 0, 51, 
98, PseuMenz, 0, 0, 0, 341, 
98, QuerChry, 0, 0, 7596, 1453, 
98, QuerDoug, 0, 0, 744, 212, 
98, QuerKell, 0, 0, 4296, 109, 
98, QuerGarr, 0, 0, 481, 4, 
98, SequSemp, 0, 0, 0, 0, 
98, TaxuBrev, 0, 0, 0, 0, 
98, TsugMert, 0, 0, 0, 0, 
99, AbieAmab, 0, 0, 0, 80, 
99, AbieGran, 0, 0, 0, 39, 
99, AbieMagn, 0, 0, 0, 14, 
99, AcerMacr, 0, 0, 394, 306, 
99, AlnuRhom, 0, 0, 3, 0, 
99, AlnuRubr, 0, 0, 7, 0, 
99, ArbuMenz, 0, 0, 2918, 366, 
99, CaloDecu, 0, 0, 0, 512, 
99, ChamNoot, 0, 0, 0, 0, 
99, ChryChry, 0, 0, 36, 0, 
99, FX_R_SEED, 0, 0, 2941, 18050, 
99, LithDens, 0, 0, 191, 4, 
99, NOFX_R_SEED, 0, 0, 3027, 17747, 
99, NOFX_NOR_SEED, 0, 0, 0, 21409, 
99, PiceBrew, 0, 0, 0, 0, 
99, PiceSitc, 0, 0, 0, 0, 
99, PinuAlbi, 0, 0, 0, 0, 
99, PinuAtte, 0, 0, 0, 0, 
99, PinuCont, 0, 0, 0, 10, 
99, PinuJeff, 0, 0, 0, 38, 
99, PinuLamb, 0, 0, 0, 224, 
99, PinuMont, 0, 0, 0, 16, 
99, PinuPond, 0, 0, 0, 62, 
99, PseuMenz, 0, 0, 0, 347, 
99, QuerChry, 0, 0, 5457, 1354, 
99, QuerDoug, 0, 0, 199, 200, 
99, QuerKell, 0, 0, 2812, 106, 
99, QuerGarr, 0, 0, 218, 1, 
99, SequSemp, 0, 0, 0, 0, 
99, TaxuBrev, 0, 0, 0, 0, 
99, TsugMert, 0, 0, 0, 0, 
100, AbieAmab, 0, 0, 0, 64, 
100, AbieGran, 0, 0, 0, 42, 
100, AbieMagn, 0, 0, 0, 17, 
100, AcerMacr, 0, 0, 865, 320, 
100, AlnuRhom, 0, 0, 0, 0, 
100, AlnuRubr, 0, 0, 91, 0, 
100, ArbuMenz, 0, 0, 4553, 308, 
100, CaloDecu, 273139, 0, 0, 521, 
100, ChamNoot, 0, 0, 3, 0, 
100, ChryChry, 0, 0, 2514, 0, 
100, FX_R_SEED, 0, 0, 15695, 14419, 
100, LithDens, 0, 0, 3318, 2, 
100, NOFX_R_SEED, 0, 0, 15529, 14706, 
100, NOFX_NOR_SEED, 0, 0, 0, 17276, 
100, PiceBrew, 0, 0, 0, 0, 
100, PiceSitc, 0, 0, 0, 0, 
100, PinuAlbi, 0, 0, 0, 0, 
100, PinuAtte, 0, 0, 0, 0, 
100, PinuCont, 0, 0, 0, 10, 
100, PinuJeff, 0, 0, 0, 37, 
100, PinuLamb, 0, 0, 0, 193, 
100, PinuMont, 0, 0, 0, 16, 
100, PinuPond, 0, 0, 0, 61, 
100, PseuMenz, 278195, 0, 0, 286, 
100, QuerChry, 0, 0, 6638, 1452, 
100, QuerDoug, 0, 0, 153, 180, 
100, QuerKell, 0, 0, 2918, 104, 
100, QuerGarr, 0, 0, 378, 4, 
100, SequSemp, 0, 0, 0, 0, 
100, TaxuBrev, 0, 0, 0, 0, 
100, TsugMert, 0, 0, 0, 0, 
